source_column,import_id,raw_numeric_code,response_label,semantic_score,observed_n,classification,raw_code_direction
StartDate,startDate,,2025-11-25 18:02:50,,1,metadata,not_applicable
StartDate,startDate,,2025-11-25 19:31:19,,1,metadata,not_applicable
StartDate,startDate,,2025-11-25 19:32:05,,1,metadata,not_applicable
StartDate,startDate,,2025-11-26 04:37:52,,1,metadata,not_applicable
StartDate,startDate,,2025-11-26 04:51:43,,1,metadata,not_applicable
StartDate,startDate,,2025-11-26 04:52:07,,1,metadata,not_applicable
StartDate,startDate,,2025-11-26 04:38:04,,1,metadata,not_applicable
StartDate,startDate,,2025-11-26 04:29:27,,1,metadata,not_applicable
StartDate,startDate,,2025-11-26 05:11:35,,1,metadata,not_applicable
StartDate,startDate,,2025-11-26 05:50:17,,1,metadata,not_applicable
StartDate,startDate,,2025-11-26 04:51:37,,1,metadata,not_applicable
StartDate,startDate,,2025-11-26 11:04:15,,1,metadata,not_applicable
StartDate,startDate,,2025-11-26 11:04:42,,1,metadata,not_applicable
StartDate,startDate,,2025-11-26 21:06:37,,1,metadata,not_applicable
StartDate,startDate,,2025-11-26 04:54:53,,1,metadata,not_applicable
StartDate,startDate,,2025-11-26 23:25:31,,2,metadata,not_applicable
StartDate,startDate,,2025-11-26 23:27:28,,1,metadata,not_applicable
StartDate,startDate,,2025-11-26 23:29:43,,1,metadata,not_applicable
StartDate,startDate,,2025-11-26 22:25:36,,1,metadata,not_applicable
StartDate,startDate,,2025-11-27 01:28:26,,1,metadata,not_applicable
StartDate,startDate,,2025-11-27 04:52:51,,1,metadata,not_applicable
StartDate,startDate,,2025-11-26 04:58:19,,1,metadata,not_applicable
StartDate,startDate,,2025-11-27 02:51:54,,1,metadata,not_applicable
StartDate,startDate,,2025-12-01 01:52:49,,1,metadata,not_applicable
StartDate,startDate,,2025-12-01 02:15:26,,1,metadata,not_applicable
StartDate,startDate,,2025-12-01 02:15:42,,1,metadata,not_applicable
StartDate,startDate,,2025-12-01 02:16:16,,1,metadata,not_applicable
StartDate,startDate,,2025-12-01 02:16:32,,1,metadata,not_applicable
StartDate,startDate,,2025-12-01 02:19:53,,1,metadata,not_applicable
StartDate,startDate,,2025-12-01 02:15:02,,1,metadata,not_applicable
StartDate,startDate,,2025-12-01 04:17:19,,1,metadata,not_applicable
StartDate,startDate,,2025-12-01 05:17:27,,1,metadata,not_applicable
StartDate,startDate,,2025-12-01 10:58:59,,1,metadata,not_applicable
StartDate,startDate,,2025-12-01 23:46:38,,1,metadata,not_applicable
StartDate,startDate,,2025-11-26 04:37:50,,1,metadata,not_applicable
StartDate,startDate,,2025-11-26 04:42:43,,1,metadata,not_applicable
StartDate,startDate,,2025-11-26 04:41:08,,1,metadata,not_applicable
StartDate,startDate,,2025-12-03 05:04:23,,1,metadata,not_applicable
StartDate,startDate,,2025-11-26 05:07:09,,1,metadata,not_applicable
StartDate,startDate,,2025-12-03 19:39:00,,1,metadata,not_applicable
StartDate,startDate,,2025-12-04 02:35:59,,1,metadata,not_applicable
StartDate,startDate,,2025-12-22 22:55:57,,1,metadata,not_applicable
StartDate,startDate,,2025-12-23 01:29:23,,1,metadata,not_applicable
StartDate,startDate,,2025-12-24 20:19:21,,1,metadata,not_applicable
StartDate,startDate,,2025-12-26 20:11:44,,1,metadata,not_applicable
StartDate,startDate,,2025-12-28 06:29:04,,1,metadata,not_applicable
StartDate,startDate,,2025-12-29 20:21:25,,1,metadata,not_applicable
StartDate,startDate,,2025-12-30 20:15:16,,1,metadata,not_applicable
StartDate,startDate,,2026-01-08 02:41:02,,1,metadata,not_applicable
StartDate,startDate,,2026-01-08 03:31:18,,1,metadata,not_applicable
StartDate,startDate,,2026-01-08 21:08:01,,1,metadata,not_applicable
StartDate,startDate,,2026-01-09 04:56:58,,1,metadata,not_applicable
StartDate,startDate,,2026-01-11 08:43:14,,1,metadata,not_applicable
StartDate,startDate,,2026-07-20 00:07:16,,1,metadata,not_applicable
StartDate,startDate,,2026-07-20 00:57:27,,1,metadata,not_applicable
StartDate,startDate,,2026-07-20 01:33:55,,1,metadata,not_applicable
StartDate,startDate,,2026-07-20 01:34:34,,1,metadata,not_applicable
StartDate,startDate,,2026-07-20 01:34:44,,1,metadata,not_applicable
StartDate,startDate,,2026-07-20 01:34:37,,1,metadata,not_applicable
StartDate,startDate,,2026-07-20 01:34:41,,1,metadata,not_applicable
StartDate,startDate,,2026-07-20 01:36:06,,1,metadata,not_applicable
StartDate,startDate,,2026-07-20 01:35:54,,1,metadata,not_applicable
StartDate,startDate,,2026-07-20 01:55:42,,1,metadata,not_applicable
StartDate,startDate,,2026-07-20 01:40:05,,1,metadata,not_applicable
StartDate,startDate,,2026-07-20 02:00:11,,1,metadata,not_applicable
StartDate,startDate,,2026-07-20 02:02:57,,1,metadata,not_applicable
StartDate,startDate,,2026-07-20 02:03:32,,1,metadata,not_applicable
StartDate,startDate,,2026-07-20 02:05:35,,1,metadata,not_applicable
StartDate,startDate,,2026-07-20 02:18:24,,1,metadata,not_applicable
StartDate,startDate,,2026-07-20 02:33:53,,1,metadata,not_applicable
StartDate,startDate,,2026-07-20 03:01:23,,1,metadata,not_applicable
StartDate,startDate,,2026-07-20 03:25:56,,1,metadata,not_applicable
StartDate,startDate,,2026-07-20 03:26:23,,1,metadata,not_applicable
StartDate,startDate,,2026-07-20 03:46:09,,1,metadata,not_applicable
StartDate,startDate,,2026-07-20 05:08:53,,1,metadata,not_applicable
StartDate,startDate,,2026-07-20 06:02:36,,1,metadata,not_applicable
StartDate,startDate,,2026-07-20 00:16:24,,1,metadata,not_applicable
StartDate,startDate,,2026-07-20 00:43:07,,1,metadata,not_applicable
StartDate,startDate,,2026-07-20 00:55:19,,1,metadata,not_applicable
StartDate,startDate,,2026-07-20 00:46:52,,1,metadata,not_applicable
EndDate,endDate,,2025-11-25 18:05:20,,1,metadata,not_applicable
EndDate,endDate,,2025-11-25 19:31:57,,1,metadata,not_applicable
EndDate,endDate,,2025-11-25 19:32:44,,1,metadata,not_applicable
EndDate,endDate,,2025-11-26 04:38:52,,1,metadata,not_applicable
EndDate,endDate,,2025-11-26 04:51:54,,1,metadata,not_applicable
EndDate,endDate,,2025-11-26 04:52:19,,1,metadata,not_applicable
EndDate,endDate,,2025-11-26 05:07:42,,1,metadata,not_applicable
EndDate,endDate,,2025-11-26 05:46:12,,1,metadata,not_applicable
EndDate,endDate,,2025-11-26 05:51:03,,1,metadata,not_applicable
EndDate,endDate,,2025-11-26 06:03:51,,1,metadata,not_applicable
EndDate,endDate,,2025-11-26 07:09:19,,1,metadata,not_applicable
EndDate,endDate,,2025-11-26 11:05:31,,1,metadata,not_applicable
EndDate,endDate,,2025-11-26 11:25:31,,1,metadata,not_applicable
EndDate,endDate,,2025-11-26 21:30:42,,1,metadata,not_applicable
EndDate,endDate,,2025-11-26 23:25:24,,1,metadata,not_applicable
EndDate,endDate,,2025-11-26 23:32:40,,1,metadata,not_applicable
EndDate,endDate,,2025-11-26 23:36:47,,1,metadata,not_applicable
EndDate,endDate,,2025-11-26 23:39:29,,1,metadata,not_applicable
EndDate,endDate,,2025-11-27 01:22:33,,1,metadata,not_applicable
EndDate,endDate,,2025-11-27 01:29:59,,1,metadata,not_applicable
EndDate,endDate,,2025-11-27 01:36:31,,1,metadata,not_applicable
EndDate,endDate,,2025-11-27 05:40:02,,1,metadata,not_applicable
EndDate,endDate,,2025-11-27 06:38:24,,1,metadata,not_applicable
EndDate,endDate,,2025-12-01 01:57:47,,1,metadata,not_applicable
EndDate,endDate,,2025-12-01 02:00:04,,1,metadata,not_applicable
EndDate,endDate,,2025-12-01 02:19:54,,1,metadata,not_applicable
EndDate,endDate,,2025-12-01 02:24:16,,1,metadata,not_applicable
EndDate,endDate,,2025-12-01 02:26:29,,1,metadata,not_applicable
EndDate,endDate,,2025-12-01 02:29:37,,1,metadata,not_applicable
EndDate,endDate,,2025-12-01 02:31:52,,1,metadata,not_applicable
EndDate,endDate,,2025-12-01 03:01:19,,1,metadata,not_applicable
EndDate,endDate,,2025-12-01 04:26:35,,1,metadata,not_applicable
EndDate,endDate,,2025-12-01 05:25:25,,1,metadata,not_applicable
EndDate,endDate,,2025-12-01 11:39:27,,1,metadata,not_applicable
EndDate,endDate,,2025-12-01 23:48:54,,1,metadata,not_applicable
EndDate,endDate,,2025-11-26 04:41:08,,1,metadata,not_applicable
EndDate,endDate,,2025-11-26 04:48:12,,1,metadata,not_applicable
EndDate,endDate,,2025-11-26 04:51:37,,1,metadata,not_applicable
EndDate,endDate,,2025-12-03 05:08:48,,1,metadata,not_applicable
EndDate,endDate,,2025-11-26 05:13:35,,1,metadata,not_applicable
EndDate,endDate,,2025-12-03 23:23:26,,1,metadata,not_applicable
EndDate,endDate,,2025-12-04 02:54:07,,1,metadata,not_applicable
EndDate,endDate,,2025-12-22 23:04:59,,1,metadata,not_applicable
EndDate,endDate,,2025-12-23 01:50:18,,1,metadata,not_applicable
EndDate,endDate,,2025-12-24 20:27:07,,1,metadata,not_applicable
EndDate,endDate,,2025-12-26 20:22:05,,1,metadata,not_applicable
EndDate,endDate,,2025-12-28 06:35:48,,1,metadata,not_applicable
EndDate,endDate,,2025-12-29 20:34:23,,1,metadata,not_applicable
EndDate,endDate,,2025-12-30 20:24:46,,1,metadata,not_applicable
EndDate,endDate,,2026-01-08 03:35:25,,1,metadata,not_applicable
EndDate,endDate,,2026-01-08 03:55:36,,1,metadata,not_applicable
EndDate,endDate,,2026-01-08 21:48:51,,1,metadata,not_applicable
EndDate,endDate,,2026-01-09 05:00:16,,1,metadata,not_applicable
EndDate,endDate,,2026-01-11 08:51:41,,1,metadata,not_applicable
EndDate,endDate,,2026-07-20 00:14:39,,1,metadata,not_applicable
EndDate,endDate,,2026-07-20 00:58:31,,1,metadata,not_applicable
EndDate,endDate,,2026-07-20 01:43:32,,1,metadata,not_applicable
EndDate,endDate,,2026-07-20 01:43:39,,1,metadata,not_applicable
EndDate,endDate,,2026-07-20 01:43:51,,1,metadata,not_applicable
EndDate,endDate,,2026-07-20 01:44:50,,1,metadata,not_applicable
EndDate,endDate,,2026-07-20 01:45:36,,1,metadata,not_applicable
EndDate,endDate,,2026-07-20 01:47:12,,1,metadata,not_applicable
EndDate,endDate,,2026-07-20 01:55:21,,1,metadata,not_applicable
EndDate,endDate,,2026-07-20 01:58:20,,1,metadata,not_applicable
EndDate,endDate,,2026-07-20 02:01:18,,1,metadata,not_applicable
EndDate,endDate,,2026-07-20 02:02:33,,1,metadata,not_applicable
EndDate,endDate,,2026-07-20 02:05:00,,1,metadata,not_applicable
EndDate,endDate,,2026-07-20 02:14:39,,1,metadata,not_applicable
EndDate,endDate,,2026-07-20 02:17:06,,1,metadata,not_applicable
EndDate,endDate,,2026-07-20 02:35:32,,1,metadata,not_applicable
EndDate,endDate,,2026-07-20 02:58:32,,1,metadata,not_applicable
EndDate,endDate,,2026-07-20 03:14:20,,1,metadata,not_applicable
EndDate,endDate,,2026-07-20 03:35:15,,1,metadata,not_applicable
EndDate,endDate,,2026-07-20 03:43:34,,1,metadata,not_applicable
EndDate,endDate,,2026-07-20 04:00:39,,1,metadata,not_applicable
EndDate,endDate,,2026-07-20 05:18:48,,1,metadata,not_applicable
EndDate,endDate,,2026-07-20 06:14:41,,1,metadata,not_applicable
EndDate,endDate,,2026-07-20 00:17:17,,1,metadata,not_applicable
EndDate,endDate,,2026-07-20 00:55:04,,1,metadata,not_applicable
EndDate,endDate,,2026-07-20 00:57:05,,1,metadata,not_applicable
EndDate,endDate,,2026-07-20 21:22:39,,1,metadata,not_applicable
Status,status,,Survey Preview,,1,metadata,not_applicable
Status,status,,IP Address,,80,metadata,not_applicable
IPAddress,ipAddress,,202.161.35.16,,7,metadata,not_applicable
IPAddress,ipAddress,,171.61.161.2,,8,metadata,not_applicable
IPAddress,ipAddress,,115.117.174.60,,17,metadata,not_applicable
IPAddress,ipAddress,,103.240.169.193,,1,metadata,not_applicable
IPAddress,ipAddress,,223.228.11.111,,1,metadata,not_applicable
IPAddress,ipAddress,,103.240.170.139,,1,metadata,not_applicable
IPAddress,ipAddress,,49.34.218.246,,1,metadata,not_applicable
IPAddress,ipAddress,,49.34.210.0,,1,metadata,not_applicable
IPAddress,ipAddress,,104.28.209.158,,1,metadata,not_applicable
IPAddress,ipAddress,,171.61.163.143,,7,metadata,not_applicable
IPAddress,ipAddress,,103.241.226.104,,1,metadata,not_applicable
IPAddress,ipAddress,,152.58.62.166,,1,metadata,not_applicable
IPAddress,ipAddress,,103.161.98.154,,1,metadata,not_applicable
IPAddress,ipAddress,,142.188.166.14,,1,metadata,not_applicable
IPAddress,ipAddress,,152.58.35.88,,1,metadata,not_applicable
IPAddress,ipAddress,,202.161.35.23,,1,metadata,not_applicable
IPAddress,ipAddress,,119.234.53.100,,1,metadata,not_applicable
IPAddress,ipAddress,,116.86.210.103,,1,metadata,not_applicable
IPAddress,ipAddress,,124.246.64.42,,1,metadata,not_applicable
IPAddress,ipAddress,,59.115.196.13,,1,metadata,not_applicable
IPAddress,ipAddress,,157.10.58.229,,1,metadata,not_applicable
IPAddress,ipAddress,,212.70.118.38,,1,metadata,not_applicable
IPAddress,ipAddress,,119.234.91.100,,2,metadata,not_applicable
IPAddress,ipAddress,,212.32.121.126,,1,metadata,not_applicable
IPAddress,ipAddress,,208.53.17.0,,1,metadata,not_applicable
IPAddress,ipAddress,,198.3.25.134,,1,metadata,not_applicable
IPAddress,ipAddress,,69.3.135.119,,1,metadata,not_applicable
IPAddress,ipAddress,,161.77.127.253,,1,metadata,not_applicable
IPAddress,ipAddress,,168.158.150.0,,1,metadata,not_applicable
IPAddress,ipAddress,,206.0.75.9,,1,metadata,not_applicable
IPAddress,ipAddress,,35.151.235.41,,1,metadata,not_applicable
IPAddress,ipAddress,,173.34.139.248,,1,metadata,not_applicable
IPAddress,ipAddress,,174.195.129.127,,2,metadata,not_applicable
IPAddress,ipAddress,,95.135.72.30,,1,metadata,not_applicable
IPAddress,ipAddress,,172.59.71.246,,1,metadata,not_applicable
IPAddress,ipAddress,,170.124.66.120,,1,metadata,not_applicable
IPAddress,ipAddress,,204.252.86.154,,1,metadata,not_applicable
IPAddress,ipAddress,,38.248.217.230,,1,metadata,not_applicable
IPAddress,ipAddress,,72.85.23.86,,1,metadata,not_applicable
IPAddress,ipAddress,,154.161.120.58,,1,metadata,not_applicable
IPAddress,ipAddress,,75.167.54.183,,1,metadata,not_applicable
IPAddress,ipAddress,,175.110.74.74,,1,metadata,not_applicable
IPAddress,ipAddress,,174.89.103.29,,1,metadata,not_applicable
Progress,progress,,100,,73,metadata,not_applicable
Progress,progress,,36,,4,metadata,not_applicable
Progress,progress,,0,,1,metadata,not_applicable
Progress,progress,,58,,2,metadata,not_applicable
Progress,progress,,84,,1,metadata,not_applicable
Duration (in seconds),duration,,149,,1,metadata,not_applicable
Duration (in seconds),duration,,37,,1,metadata,not_applicable
Duration (in seconds),duration,,38,,1,metadata,not_applicable
Duration (in seconds),duration,,60,,1,metadata,not_applicable
Duration (in seconds),duration,,11,,2,metadata,not_applicable
Duration (in seconds),duration,,1778,,1,metadata,not_applicable
Duration (in seconds),duration,,4605,,1,metadata,not_applicable
Duration (in seconds),duration,,2368,,1,metadata,not_applicable
Duration (in seconds),duration,,813,,1,metadata,not_applicable
Duration (in seconds),duration,,8261,,1,metadata,not_applicable
Duration (in seconds),duration,,75,,1,metadata,not_applicable
Duration (in seconds),duration,,1249,,1,metadata,not_applicable
Duration (in seconds),duration,,1444,,1,metadata,not_applicable
Duration (in seconds),duration,,66631,,1,metadata,not_applicable
Duration (in seconds),duration,,428,,1,metadata,not_applicable
Duration (in seconds),duration,,558,,2,metadata,not_applicable
Duration (in seconds),duration,,837,,1,metadata,not_applicable
Duration (in seconds),duration,,6769,,1,metadata,not_applicable
Duration (in seconds),duration,,11063,,1,metadata,not_applicable
Duration (in seconds),duration,,485,,1,metadata,not_applicable
Duration (in seconds),duration,,2830,,1,metadata,not_applicable
Duration (in seconds),duration,,92405,,1,metadata,not_applicable
Duration (in seconds),duration,,342353,,1,metadata,not_applicable
Duration (in seconds),duration,,435,,1,metadata,not_applicable
Duration (in seconds),duration,,267,,1,metadata,not_applicable
Duration (in seconds),duration,,513,,1,metadata,not_applicable
Duration (in seconds),duration,,612,,1,metadata,not_applicable
Duration (in seconds),duration,,785,,1,metadata,not_applicable
Duration (in seconds),duration,,719,,1,metadata,not_applicable
Duration (in seconds),duration,,2776,,1,metadata,not_applicable
Duration (in seconds),duration,,556,,1,metadata,not_applicable
Duration (in seconds),duration,,477,,1,metadata,not_applicable
Duration (in seconds),duration,,2428,,1,metadata,not_applicable
Duration (in seconds),duration,,136,,1,metadata,not_applicable
Duration (in seconds),duration,,197,,2,metadata,not_applicable
Duration (in seconds),duration,,329,,1,metadata,not_applicable
Duration (in seconds),duration,,629,,1,metadata,not_applicable
Duration (in seconds),duration,,264,,1,metadata,not_applicable
Duration (in seconds),duration,,386,,1,metadata,not_applicable
Duration (in seconds),duration,,13465,,1,metadata,not_applicable
Duration (in seconds),duration,,1087,,1,metadata,not_applicable
Duration (in seconds),duration,,542,,1,metadata,not_applicable
Duration (in seconds),duration,,1255,,1,metadata,not_applicable
Duration (in seconds),duration,,465,,1,metadata,not_applicable
Duration (in seconds),duration,,620,,1,metadata,not_applicable
Duration (in seconds),duration,,404,,1,metadata,not_applicable
Duration (in seconds),duration,,778,,1,metadata,not_applicable
Duration (in seconds),duration,,570,,1,metadata,not_applicable
Duration (in seconds),duration,,3263,,1,metadata,not_applicable
Duration (in seconds),duration,,1457,,1,metadata,not_applicable
Duration (in seconds),duration,,2450,,1,metadata,not_applicable
Duration (in seconds),duration,,507,,1,metadata,not_applicable
Duration (in seconds),duration,,443,,1,metadata,not_applicable
Duration (in seconds),duration,,63,,1,metadata,not_applicable
Duration (in seconds),duration,,576,,1,metadata,not_applicable
Duration (in seconds),duration,,544,,1,metadata,not_applicable
Duration (in seconds),duration,,547,,1,metadata,not_applicable
Duration (in seconds),duration,,613,,1,metadata,not_applicable
Duration (in seconds),duration,,655,,1,metadata,not_applicable
Duration (in seconds),duration,,665,,1,metadata,not_applicable
Duration (in seconds),duration,,1167,,1,metadata,not_applicable
Duration (in seconds),duration,,157,,1,metadata,not_applicable
Duration (in seconds),duration,,1272,,1,metadata,not_applicable
Duration (in seconds),duration,,141,,1,metadata,not_applicable
Duration (in seconds),duration,,123,,1,metadata,not_applicable
Duration (in seconds),duration,,667,,1,metadata,not_applicable
Duration (in seconds),duration,,691,,1,metadata,not_applicable
Duration (in seconds),duration,,1027,,1,metadata,not_applicable
Duration (in seconds),duration,,1478,,1,metadata,not_applicable
Duration (in seconds),duration,,777,,1,metadata,not_applicable
Duration (in seconds),duration,,1031,,1,metadata,not_applicable
Duration (in seconds),duration,,869,,1,metadata,not_applicable
Duration (in seconds),duration,,594,,1,metadata,not_applicable
Duration (in seconds),duration,,724,,1,metadata,not_applicable
Duration (in seconds),duration,,52,,1,metadata,not_applicable
Duration (in seconds),duration,,716,,1,metadata,not_applicable
Duration (in seconds),duration,,106,,1,metadata,not_applicable
Duration (in seconds),duration,,74146,,1,metadata,not_applicable
Finished,finished,,TRUE,,73,metadata,not_applicable
Finished,finished,,FALSE,,8,metadata,not_applicable
RecordedDate,recordedDate,,2025-11-25 18:05:20,,1,metadata,not_applicable
RecordedDate,recordedDate,,2025-11-25 19:31:57,,1,metadata,not_applicable
RecordedDate,recordedDate,,2025-11-25 19:32:44,,1,metadata,not_applicable
RecordedDate,recordedDate,,2025-11-26 04:38:52,,1,metadata,not_applicable
RecordedDate,recordedDate,,2025-11-26 04:51:54,,1,metadata,not_applicable
RecordedDate,recordedDate,,2025-11-26 04:52:19,,1,metadata,not_applicable
RecordedDate,recordedDate,,2025-11-26 05:07:42,,1,metadata,not_applicable
RecordedDate,recordedDate,,2025-11-26 05:46:12,,1,metadata,not_applicable
RecordedDate,recordedDate,,2025-11-26 05:51:03,,1,metadata,not_applicable
RecordedDate,recordedDate,,2025-11-26 06:03:51,,1,metadata,not_applicable
RecordedDate,recordedDate,,2025-11-26 07:09:19,,1,metadata,not_applicable
RecordedDate,recordedDate,,2025-11-26 11:05:31,,1,metadata,not_applicable
RecordedDate,recordedDate,,2025-11-26 11:25:31,,1,metadata,not_applicable
RecordedDate,recordedDate,,2025-11-26 21:30:42,,1,metadata,not_applicable
RecordedDate,recordedDate,,2025-11-26 23:25:25,,1,metadata,not_applicable
RecordedDate,recordedDate,,2025-11-26 23:32:40,,1,metadata,not_applicable
RecordedDate,recordedDate,,2025-11-26 23:36:47,,1,metadata,not_applicable
RecordedDate,recordedDate,,2025-11-26 23:39:29,,1,metadata,not_applicable
RecordedDate,recordedDate,,2025-11-27 01:22:34,,1,metadata,not_applicable
RecordedDate,recordedDate,,2025-11-27 01:30:00,,1,metadata,not_applicable
RecordedDate,recordedDate,,2025-11-27 01:36:31,,1,metadata,not_applicable
RecordedDate,recordedDate,,2025-11-27 05:40:02,,1,metadata,not_applicable
RecordedDate,recordedDate,,2025-11-27 06:38:25,,1,metadata,not_applicable
RecordedDate,recordedDate,,2025-12-01 01:57:48,,1,metadata,not_applicable
RecordedDate,recordedDate,,2025-12-01 02:00:04,,1,metadata,not_applicable
RecordedDate,recordedDate,,2025-12-01 02:19:54,,1,metadata,not_applicable
RecordedDate,recordedDate,,2025-12-01 02:24:16,,1,metadata,not_applicable
RecordedDate,recordedDate,,2025-12-01 02:26:29,,1,metadata,not_applicable
RecordedDate,recordedDate,,2025-12-01 02:29:38,,1,metadata,not_applicable
RecordedDate,recordedDate,,2025-12-01 02:31:52,,1,metadata,not_applicable
RecordedDate,recordedDate,,2025-12-01 03:01:19,,1,metadata,not_applicable
RecordedDate,recordedDate,,2025-12-01 04:26:35,,1,metadata,not_applicable
RecordedDate,recordedDate,,2025-12-01 05:25:25,,1,metadata,not_applicable
RecordedDate,recordedDate,,2025-12-01 11:39:28,,1,metadata,not_applicable
RecordedDate,recordedDate,,2025-12-01 23:48:55,,1,metadata,not_applicable
RecordedDate,recordedDate,,2025-12-03 04:41:13,,1,metadata,not_applicable
RecordedDate,recordedDate,,2025-12-03 04:48:17,,1,metadata,not_applicable
RecordedDate,recordedDate,,2025-12-03 04:51:43,,1,metadata,not_applicable
RecordedDate,recordedDate,,2025-12-03 05:08:48,,1,metadata,not_applicable
RecordedDate,recordedDate,,2025-12-03 05:13:35,,1,metadata,not_applicable
RecordedDate,recordedDate,,2025-12-03 23:23:26,,1,metadata,not_applicable
RecordedDate,recordedDate,,2025-12-04 02:54:07,,1,metadata,not_applicable
RecordedDate,recordedDate,,2025-12-22 23:04:59,,1,metadata,not_applicable
RecordedDate,recordedDate,,2025-12-23 01:50:19,,1,metadata,not_applicable
RecordedDate,recordedDate,,2025-12-24 20:27:07,,1,metadata,not_applicable
RecordedDate,recordedDate,,2025-12-26 20:22:06,,1,metadata,not_applicable
RecordedDate,recordedDate,,2025-12-28 06:35:48,,1,metadata,not_applicable
RecordedDate,recordedDate,,2025-12-29 20:34:24,,1,metadata,not_applicable
RecordedDate,recordedDate,,2025-12-30 20:24:46,,1,metadata,not_applicable
RecordedDate,recordedDate,,2026-01-08 03:35:25,,1,metadata,not_applicable
RecordedDate,recordedDate,,2026-01-08 03:55:36,,1,metadata,not_applicable
RecordedDate,recordedDate,,2026-01-08 21:48:52,,1,metadata,not_applicable
RecordedDate,recordedDate,,2026-01-09 05:00:16,,1,metadata,not_applicable
RecordedDate,recordedDate,,2026-01-11 08:51:41,,1,metadata,not_applicable
RecordedDate,recordedDate,,2026-07-20 00:14:39,,1,metadata,not_applicable
RecordedDate,recordedDate,,2026-07-20 00:58:31,,1,metadata,not_applicable
RecordedDate,recordedDate,,2026-07-20 01:43:32,,1,metadata,not_applicable
RecordedDate,recordedDate,,2026-07-20 01:43:39,,1,metadata,not_applicable
RecordedDate,recordedDate,,2026-07-20 01:43:52,,1,metadata,not_applicable
RecordedDate,recordedDate,,2026-07-20 01:44:50,,1,metadata,not_applicable
RecordedDate,recordedDate,,2026-07-20 01:45:36,,1,metadata,not_applicable
RecordedDate,recordedDate,,2026-07-20 01:47:12,,1,metadata,not_applicable
RecordedDate,recordedDate,,2026-07-20 01:55:21,,1,metadata,not_applicable
RecordedDate,recordedDate,,2026-07-20 01:58:20,,1,metadata,not_applicable
RecordedDate,recordedDate,,2026-07-20 02:01:18,,1,metadata,not_applicable
RecordedDate,recordedDate,,2026-07-20 02:02:34,,1,metadata,not_applicable
RecordedDate,recordedDate,,2026-07-20 02:05:01,,1,metadata,not_applicable
RecordedDate,recordedDate,,2026-07-20 02:14:40,,1,metadata,not_applicable
RecordedDate,recordedDate,,2026-07-20 02:17:06,,1,metadata,not_applicable
RecordedDate,recordedDate,,2026-07-20 02:35:32,,1,metadata,not_applicable
RecordedDate,recordedDate,,2026-07-20 02:58:32,,1,metadata,not_applicable
RecordedDate,recordedDate,,2026-07-20 03:14:21,,1,metadata,not_applicable
RecordedDate,recordedDate,,2026-07-20 03:35:15,,1,metadata,not_applicable
RecordedDate,recordedDate,,2026-07-20 03:43:35,,1,metadata,not_applicable
RecordedDate,recordedDate,,2026-07-20 04:00:39,,1,metadata,not_applicable
RecordedDate,recordedDate,,2026-07-20 05:18:48,,1,metadata,not_applicable
RecordedDate,recordedDate,,2026-07-20 06:14:41,,1,metadata,not_applicable
RecordedDate,recordedDate,,2026-07-27 00:17:20,,1,metadata,not_applicable
RecordedDate,recordedDate,,2026-07-27 00:55:07,,1,metadata,not_applicable
RecordedDate,recordedDate,,2026-07-27 00:57:14,,1,metadata,not_applicable
RecordedDate,recordedDate,,2026-07-27 21:24:38,,1,metadata,not_applicable
ResponseId,_recordId,,R_4Dr400PHFRc7Yt1,,1,metadata,not_applicable
ResponseId,_recordId,,R_9ndfuDOeb8sAQeQ,,1,metadata,not_applicable
ResponseId,_recordId,,R_4GE0zjAmIwBbhbs,,1,metadata,not_applicable
ResponseId,_recordId,,R_4DbUuhxVOj1ireP,,1,metadata,not_applicable
ResponseId,_recordId,,R_9rOlhAy4Tb7kVzx,,1,metadata,not_applicable
ResponseId,_recordId,,R_4GWGgiFU2tPnFSb,,1,metadata,not_applicable
ResponseId,_recordId,,R_90JK7nqwkj9DW5K,,1,metadata,not_applicable
ResponseId,_recordId,,R_9PnsrRGiZEGQwCm,,1,metadata,not_applicable
ResponseId,_recordId,,R_4lHz2YKVEIcNOLL,,1,metadata,not_applicable
ResponseId,_recordId,,R_4hgNe8hrZEt6exO,,1,metadata,not_applicable
ResponseId,_recordId,,R_94GfHHYGE1i5Ybv,,1,metadata,not_applicable
ResponseId,_recordId,,R_49j4R7UFbxHWjGp,,1,metadata,not_applicable
ResponseId,_recordId,,R_4ImUnHL5kjLa58t,,1,metadata,not_applicable
ResponseId,_recordId,,R_9xQKw3jv50ffBoZ,,1,metadata,not_applicable
ResponseId,_recordId,,R_9ozJbmQp5r4B4dP,,1,metadata,not_applicable
ResponseId,_recordId,,R_4lLRqJOqtSh7rfH,,1,metadata,not_applicable
ResponseId,_recordId,,R_4GxO93AS9pGlciA,,1,metadata,not_applicable
ResponseId,_recordId,,R_9rcaSwkLsyyyXHX,,1,metadata,not_applicable
ResponseId,_recordId,,R_9psA7ke4pKaCKZo,,1,metadata,not_applicable
ResponseId,_recordId,,R_9xYvb2qwpXkC4Bk,,1,metadata,not_applicable
ResponseId,_recordId,,R_9eCtGzegnPZzfvj,,1,metadata,not_applicable
ResponseId,_recordId,,R_4mS8nOD7LOxy0aB,,1,metadata,not_applicable
ResponseId,_recordId,,R_4t8RHeRCn3KKt1f,,1,metadata,not_applicable
ResponseId,_recordId,,R_9Ste1bdDgkkDohb,,1,metadata,not_applicable
ResponseId,_recordId,,R_4hlKZ8LMOeYWeAf,,1,metadata,not_applicable
ResponseId,_recordId,,R_4ZdWeAdxWrGbAtj,,1,metadata,not_applicable
ResponseId,_recordId,,R_4tA2jcxmKjS4ItC,,1,metadata,not_applicable
ResponseId,_recordId,,R_9mwQo6Izxp5nUfT,,1,metadata,not_applicable
ResponseId,_recordId,,R_9kMu2f0t2CcMqo8,,1,metadata,not_applicable
ResponseId,_recordId,,R_9Kfm8f1TcbTshGQ,,1,metadata,not_applicable
ResponseId,_recordId,,R_9fwaBRB4dKM79yg,,1,metadata,not_applicable
ResponseId,_recordId,,R_4nOCSqqEdVg9i62,,1,metadata,not_applicable
ResponseId,_recordId,,R_9yQNY7rc05GLRWF,,1,metadata,not_applicable
ResponseId,_recordId,,R_1q9HwyneNsM3y43,,1,metadata,not_applicable
ResponseId,_recordId,,R_4e2nhydD5j8nySc,,1,metadata,not_applicable
ResponseId,_recordId,,R_4rxd0JRkos90E4N,,1,metadata,not_applicable
ResponseId,_recordId,,R_4nAXnNZ3cJNaqHZ,,1,metadata,not_applicable
ResponseId,_recordId,,R_9B9kvZsvnmZEHAt,,1,metadata,not_applicable
ResponseId,_recordId,,R_9nSLbRlv30yoRMv,,1,metadata,not_applicable
ResponseId,_recordId,,R_9rDf9bul9tkRUB0,,1,metadata,not_applicable
ResponseId,_recordId,,R_9nIz1BdwiQkHGoN,,1,metadata,not_applicable
ResponseId,_recordId,,R_4QK9wOvIeWlyVXH,,1,metadata,not_applicable
ResponseId,_recordId,,R_4xIXQy2Zqjn4cAC,,1,metadata,not_applicable
ResponseId,_recordId,,R_9EKL5t3IibW4Jac,,1,metadata,not_applicable
ResponseId,_recordId,,R_9dWkA5Jm1Y0p2NU,,1,metadata,not_applicable
ResponseId,_recordId,,R_4fUQew0yG9WJeMx,,1,metadata,not_applicable
ResponseId,_recordId,,R_4PaS0jFcH9U8PAK,,1,metadata,not_applicable
ResponseId,_recordId,,R_4f9O6ZYQlWQHQhE,,1,metadata,not_applicable
ResponseId,_recordId,,R_9cvgGwkB5MQjZk4,,1,metadata,not_applicable
ResponseId,_recordId,,R_9o0wjK4mGomcV8l,,1,metadata,not_applicable
ResponseId,_recordId,,R_4dw1I0ILcTrAqNr,,1,metadata,not_applicable
ResponseId,_recordId,,R_9sZUVFjD5cyJAHZ,,1,metadata,not_applicable
ResponseId,_recordId,,R_4mge655WEopR3uV,,1,metadata,not_applicable
ResponseId,_recordId,,R_4wrelOtrEwvynV7,,1,metadata,not_applicable
ResponseId,_recordId,,R_9qX0TgA4iz9FIEc,,1,metadata,not_applicable
ResponseId,_recordId,,R_9mrvtCoyW8lHZfp,,1,metadata,not_applicable
ResponseId,_recordId,,R_61QOsSLb6b90moW,,1,metadata,not_applicable
ResponseId,_recordId,,R_7tMrRTMNlbXcHeJ,,1,metadata,not_applicable
ResponseId,_recordId,,R_7PmLKDKExnSqXi8,,1,metadata,not_applicable
ResponseId,_recordId,,R_6CgsMKb8ldbZVnf,,1,metadata,not_applicable
ResponseId,_recordId,,R_7fDCOF5VD1qFzNA,,1,metadata,not_applicable
ResponseId,_recordId,,R_1qk0MmfHo2ReYwl,,1,metadata,not_applicable
ResponseId,_recordId,,R_2w046JbUmG21VBm,,1,metadata,not_applicable
ResponseId,_recordId,,R_1ym9K6MAX8bwp33,,1,metadata,not_applicable
ResponseId,_recordId,,R_5JCHXQ9VCsq9FS1,,1,metadata,not_applicable
ResponseId,_recordId,,R_3rC4PD3KZPA6LcE,,1,metadata,not_applicable
ResponseId,_recordId,,R_5OOVDRSrE06ULDz,,1,metadata,not_applicable
ResponseId,_recordId,,R_7rjJsPKij9QEQBb,,1,metadata,not_applicable
ResponseId,_recordId,,R_17NIAxmlU49fpyB,,1,metadata,not_applicable
ResponseId,_recordId,,R_6MzZ13H0XQeHkRE,,1,metadata,not_applicable
ResponseId,_recordId,,R_3EYa5qekxNvtDzz,,1,metadata,not_applicable
ResponseId,_recordId,,R_17yuA7GJuh52SSr,,1,metadata,not_applicable
ResponseId,_recordId,,R_1Q49w4kApMMNIC7,,1,metadata,not_applicable
ResponseId,_recordId,,R_2D97IjrtBwh1mmt,,1,metadata,not_applicable
ResponseId,_recordId,,R_5Glc3MeQuPMc7L2,,1,metadata,not_applicable
ResponseId,_recordId,,R_7SmyzFrBAOxlXgt,,1,metadata,not_applicable
ResponseId,_recordId,,R_5DGQfXhyAo2dG60,,1,metadata,not_applicable
ResponseId,_recordId,,R_9kGEp002bfLJevK,,1,metadata,not_applicable
ResponseId,_recordId,,R_4suz7xqNV8RmsBe,,1,metadata,not_applicable
ResponseId,_recordId,,R_41nmlNVgUgkWGEt,,1,metadata,not_applicable
ResponseId,_recordId,,R_4r7Z8KS6WgPoR8F,,1,metadata,not_applicable
LocationLatitude,locationLatitude,,1.3036,,5,metadata,not_applicable
LocationLatitude,locationLatitude,,23.0276,,32,metadata,not_applicable
LocationLatitude,locationLatitude,,21.1981,,8,metadata,not_applicable
LocationLatitude,locationLatitude,,22.4667,,1,metadata,not_applicable
LocationLatitude,locationLatitude,,22.3008,,1,metadata,not_applicable
LocationLatitude,locationLatitude,,43.7987,,1,metadata,not_applicable
LocationLatitude,locationLatitude,,1.3652,,1,metadata,not_applicable
LocationLatitude,locationLatitude,,1.3352,,1,metadata,not_applicable
LocationLatitude,locationLatitude,,1.2835,,1,metadata,not_applicable
LocationLatitude,locationLatitude,,25.0693,,1,metadata,not_applicable
LocationLatitude,locationLatitude,,22.2904,,1,metadata,not_applicable
LocationLatitude,locationLatitude,,25.2925,,1,metadata,not_applicable
LocationLatitude,locationLatitude,,1.2939,,2,metadata,not_applicable
LocationLatitude,locationLatitude,,1.3051,,4,metadata,not_applicable
LocationLatitude,locationLatitude,,37.751,,4,metadata,not_applicable
LocationLatitude,locationLatitude,,40.7359,,1,metadata,not_applicable
LocationLatitude,locationLatitude,,34.0544,,1,metadata,not_applicable
LocationLatitude,locationLatitude,,42.6012,,1,metadata,not_applicable
LocationLatitude,locationLatitude,,52.3716,,1,metadata,not_applicable
LocationLatitude,locationLatitude,,43.0096,,1,metadata,not_applicable
LocationLatitude,locationLatitude,,45.3042,,1,metadata,not_applicable
LocationLatitude,locationLatitude,,33.8351,,2,metadata,not_applicable
LocationLatitude,locationLatitude,,32.8427,,1,metadata,not_applicable
LocationLatitude,locationLatitude,,30.3122,,1,metadata,not_applicable
LocationLatitude,locationLatitude,,39.9522,,1,metadata,not_applicable
LocationLatitude,locationLatitude,,33.4532,,1,metadata,not_applicable
LocationLatitude,locationLatitude,,39.3343,,1,metadata,not_applicable
LocationLatitude,locationLatitude,,5.5545,,1,metadata,not_applicable
LocationLatitude,locationLatitude,,33.2487,,1,metadata,not_applicable
LocationLatitude,locationLatitude,,39.2889,,1,metadata,not_applicable
LocationLatitude,locationLatitude,,45.0224,,1,metadata,not_applicable
LocationLongitude,locationLongitude,,103.8554,,5,metadata,not_applicable
LocationLongitude,locationLongitude,,72.5871,,32,metadata,not_applicable
LocationLongitude,locationLongitude,,72.8298,,8,metadata,not_applicable
LocationLongitude,locationLongitude,,70.0644,,1,metadata,not_applicable
LocationLongitude,locationLongitude,,73.2043,,1,metadata,not_applicable
LocationLongitude,locationLongitude,,-79.4816,,1,metadata,not_applicable
LocationLongitude,locationLongitude,,103.8367,,1,metadata,not_applicable
LocationLongitude,locationLongitude,,103.8529,,1,metadata,not_applicable
LocationLongitude,locationLongitude,,103.8376,,1,metadata,not_applicable
LocationLongitude,locationLongitude,,121.4626,,1,metadata,not_applicable
LocationLongitude,locationLongitude,,70.7915,,1,metadata,not_applicable
LocationLongitude,locationLongitude,,51.5321,,1,metadata,not_applicable
LocationLongitude,locationLongitude,,103.8461,,2,metadata,not_applicable
LocationLongitude,locationLongitude,,103.8447,,4,metadata,not_applicable
LocationLongitude,locationLongitude,,-97.822,,4,metadata,not_applicable
LocationLongitude,locationLongitude,,-73.9904,,1,metadata,not_applicable
LocationLongitude,locationLongitude,,-118.244,,1,metadata,not_applicable
LocationLongitude,locationLongitude,,-72.6226,,1,metadata,not_applicable
LocationLongitude,locationLongitude,,4.8883,,1,metadata,not_applicable
LocationLongitude,locationLongitude,,-85.7569,,1,metadata,not_applicable
LocationLongitude,locationLongitude,,-66.0766,,1,metadata,not_applicable
LocationLongitude,locationLongitude,,-117.8652,,2,metadata,not_applicable
LocationLongitude,locationLongitude,,-116.7671,,1,metadata,not_applicable
LocationLongitude,locationLongitude,,-81.7243,,1,metadata,not_applicable
LocationLongitude,locationLongitude,,-75.1647,,1,metadata,not_applicable
LocationLongitude,locationLongitude,,-112.0748,,1,metadata,not_applicable
LocationLongitude,locationLongitude,,-76.4394,,1,metadata,not_applicable
LocationLongitude,locationLongitude,,-0.1902,,1,metadata,not_applicable
LocationLongitude,locationLongitude,,-111.6343,,1,metadata,not_applicable
LocationLongitude,locationLongitude,,-76.623,,1,metadata,not_applicable
LocationLongitude,locationLongitude,,-74.7537,,1,metadata,not_applicable
DistributionChannel,distributionChannel,,preview,,1,metadata,not_applicable
DistributionChannel,distributionChannel,,anonymous,,80,metadata,not_applicable
UserLanguage,userLanguage,,EN,,81,metadata,not_applicable
Q1,QID22,,2 - 4 years,,23,non_likert,not_applicable
Q1,QID22,,up to 2 years,,26,non_likert,not_applicable
Q1,QID22,,4 -7 years,,19,non_likert,not_applicable
Q1,QID22,,7+ years,,4,non_likert,not_applicable
Q2,QID41,,Good proficiency,,18,non_likert,not_applicable
Q2,QID41,,Proficient,,24,non_likert,not_applicable
Q2,QID41,,Low proficiency,,17,non_likert,not_applicable
Q2,QID41,,Not Proficient,,8,non_likert,not_applicable
Q2,QID41,,Expert,,5,non_likert,not_applicable
Q3,QID42,,Most of the time,,27,non_likert,not_applicable
Q3,QID42,,About half the time,,14,non_likert,not_applicable
Q3,QID42,,Sometimes,,21,non_likert,not_applicable
Q3,QID42,,Never,,4,non_likert,not_applicable
Q3,QID42,,Always,,6,non_likert,not_applicable
Q4,QID24_TEXT,,"ERC-20, 721, 1155, 4333, 7702, 8004",,1,text_or_identifier,not_applicable
Q4,QID24_TEXT,,"ERC-20, ERC-721, ERC-4337, ERC-1559",,1,text_or_identifier,not_applicable
Q4,QID24_TEXT,,"ERC20, ERC721, ERC1155, ERC712, ERC5792,",,1,text_or_identifier,not_applicable
Q4,QID24_TEXT,,ERC-20,,2,text_or_identifier,not_applicable
Q4,QID24_TEXT,,"ERC-20, ERC-721, ERC-1155, ERC-4337",,1,text_or_identifier,not_applicable
Q4,QID24_TEXT,,"ERC-20,ERC-721",,2,text_or_identifier,not_applicable
Q4,QID24_TEXT,,"ERC-20, ERC-721",,1,text_or_identifier,not_applicable
Q4,QID24_TEXT,,"ERC20, ERC721",,1,text_or_identifier,not_applicable
Q4,QID24_TEXT,,"ERC20, ERC1155, ERC721, ERC137",,1,text_or_identifier,not_applicable
Q4,QID24_TEXT,,"ERC20, ERC721, ERC1155",,2,text_or_identifier,not_applicable
Q4,QID24_TEXT,,"ERC-1967 (Proxy Pattern)
EIP-712 (Signature Standard)
ERC-165 (Interface Detection)
ERC-1271 (Signature Validation)
ERC-20 (Base Token Interface)
EIP-3009 (aka “transferWithAuthorization”)
ERC-2612 (Approve via signature)
EIP-7702 (Gasless Relayer)",,1,text_or_identifier,not_applicable
Q4,QID24_TEXT,,ERC 20,,3,text_or_identifier,not_applicable
Q4,QID24_TEXT,,ERC20,,3,text_or_identifier,not_applicable
Q4,QID24_TEXT,,"EIP7702, EIP1195, EIP1155, EIP720",,1,text_or_identifier,not_applicable
Q4,QID24_TEXT,,"ERC20, ERC721, ERC4337, ERC1155",,1,text_or_identifier,not_applicable
Q4,QID24_TEXT,,"ERC721, ERC20",,1,text_or_identifier,not_applicable
Q4,QID24_TEXT,,"ERC-20, ERC-721, ERC-1155, ERC-7702, ERC-712, ERC-4626, ERC-4337, ERC-2612, ERC-2981",,1,text_or_identifier,not_applicable
Q4,QID24_TEXT,,NA,,1,text_or_identifier,not_applicable
Q4,QID24_TEXT,,"erc-20, erc-721, erc-1155, erc-712",,1,text_or_identifier,not_applicable
Q4,QID24_TEXT,,none,,1,text_or_identifier,not_applicable
Q4,QID24_TEXT,,"Interacted with many ERC standards during development like ERC20, 712, 721, 1997, 1155, 2612, 2981, 4337, 5805, 4626, 4772.",,1,text_or_identifier,not_applicable
Q4,QID24_TEXT,,"20, 721, 4337",,1,text_or_identifier,not_applicable
Q4,QID24_TEXT,,"Erc20, erc721, erc1155, erc2612",,1,text_or_identifier,not_applicable
Q4,QID24_TEXT,,"Erc20,721",,1,text_or_identifier,not_applicable
Q4,QID24_TEXT,,0,,1,text_or_identifier,not_applicable
Q4,QID24_TEXT,,"ERC20, ERC4626",,1,text_or_identifier,not_applicable
Q4,QID24_TEXT,,"ERC-1822 (UUPS) is the most frequent one. Others include: ERC-165, ERC-721, ERC-1155, ERC-1271, ERC-7702, ERC-4337.",,1,text_or_identifier,not_applicable
Q4,QID24_TEXT,,ERC-721,,1,text_or_identifier,not_applicable
Q4,QID24_TEXT,,"ERC20, ERC721 , ERC5792, ERC712",,1,text_or_identifier,not_applicable
Q4,QID24_TEXT,,Non-fungible tokens,,1,text_or_identifier,not_applicable
Q4,QID24_TEXT,,"ERC-20, ERC-721, ERC-1155, ERC-777,",,1,text_or_identifier,not_applicable
Q4,QID24_TEXT,,"ERC-20, ERC-721, ERC-777, ERC-4626",,1,text_or_identifier,not_applicable
Q4,QID24_TEXT,,"ERC20, ERC721, ERC1155, ERC4626",,1,text_or_identifier,not_applicable
Q4,QID24_TEXT,,"ERC721, ERC11155, ERC4626, ERC777",,1,text_or_identifier,not_applicable
Q4,QID24_TEXT,,Cryptocurrencies,,1,text_or_identifier,not_applicable
Q4,QID24_TEXT,,"have frequently implemented and worked with several key ERC standards in my smart contract projects, including ERC-20 for fungible tokens, ERC-721 for non-fungible tokens (NFTs), ERC-1155 for multi-token standards, ERC-4626 for tokenized vaults, and ERC-2981 for NFT royalty management. These standards form the foundation of most DeFi and NFT-related projects I have contributed to over the past four to five years",,1,text_or_identifier,not_applicable
Q4,QID24_TEXT,,N/A,,1,text_or_identifier,not_applicable
Q4,QID24_TEXT,,"ERC-20, 721, 1155, 4337, 4626",,1,text_or_identifier,not_applicable
Q4,QID24_TEXT,,Erc-20 and erc-721,,1,text_or_identifier,not_applicable
Q4,QID24_TEXT,,ERC-20 and ERC-721,,1,text_or_identifier,not_applicable
Q4,QID24_TEXT,,Ive worked with security tooling needs with Ethereum people pay us through cryptocurrency often.,,1,text_or_identifier,not_applicable
Q4,QID24_TEXT,,"Fungible Token Standard: ERC-20, Non-Fungible Token Standard: ERC-721, Multi-Token Standard: ERC-1155",,1,text_or_identifier,not_applicable
Q4,QID24_TEXT,,"I don't retain a persistent history of deployed contracts across sessions, so I can't point to a track record the way a developer would, but I have strong working knowledge of and can write, review, or debug code for the standards most relevant to real-world use: ERC-20 (fungible tokens), ERC-721 and ERC-1155 (NFTs and multi-tokens), ERC-165 (interface detection), ERC-2612 (permit/gasless approvals), ERC-4626 (tokenized vaults), ERC-4337 (account abstraction), and the ERC-1967/1822 proxy standards for upgradeability — with ERC-20, ERC-721, and ERC-4337 being the ones I interact with most frequently in practice.",,1,text_or_identifier,not_applicable
Q4,QID24_TEXT,,"ERC-20
ERC-721
ERC-165",,1,text_or_identifier,not_applicable
Q4,QID24_TEXT,,"I’ve worked frequently with ERC-20 tokens, ERC-721 and ERC-1155 NFTs, ERC-165 interface detection, ERC-2981 royalties, and ERC-4626 tokenized vaults.",,1,text_or_identifier,not_applicable
Q4,QID24_TEXT,,"ECR -4337
ECR-721",,1,text_or_identifier,not_applicable
Q4,QID24_TEXT,,ERC 20 and 75,,1,text_or_identifier,not_applicable
Q4,QID24_TEXT,,"ERC-20, ERC-721, ERC-1155, ERC-1400, ERC-4626, ERC-4627, ERC-777, ERC-1337, ERC-1967, ERC-2535, ERC-4626.",,1,text_or_identifier,not_applicable
Q4,QID24_TEXT,,"ERC-20, ERC-721, ERC-165, ERC-4626, ERC-1155",,1,text_or_identifier,not_applicable
Q4,QID24_TEXT,,Haha,,1,text_or_identifier,not_applicable
Q5_1,QID25_1,,Strongly agree,5.0,14,likert,not_applicable: scored directly from labels
Q5_1,QID25_1,,Somewhat agree,4.0,37,likert,not_applicable: scored directly from labels
Q5_1,QID25_1,,Neither agree nor disagree,3.0,9,likert,not_applicable: scored directly from labels
Q5_1,QID25_1,,Strongly Disagree,1.0,5,likert,not_applicable: scored directly from labels
Q5_1,QID25_1,,Somewhat disagree,2.0,4,likert,not_applicable: scored directly from labels
Q5_2,QID25_2,,Somewhat agree,4.0,30,likert,not_applicable: scored directly from labels
Q5_2,QID25_2,,Strongly agree,5.0,13,likert,not_applicable: scored directly from labels
Q5_2,QID25_2,,Neither agree nor disagree,3.0,20,likert,not_applicable: scored directly from labels
Q5_2,QID25_2,,Strongly Disagree,1.0,3,likert,not_applicable: scored directly from labels
Q5_2,QID25_2,,Somewhat disagree,2.0,3,likert,not_applicable: scored directly from labels
Q5_3,QID25_6,,Strongly Disagree,1.0,2,likert,not_applicable: scored directly from labels
Q5_3,QID25_6,,Somewhat agree,4.0,16,likert,not_applicable: scored directly from labels
Q5_3,QID25_6,,Strongly agree,5.0,3,likert,not_applicable: scored directly from labels
Q5_3,QID25_6,,Neither agree nor disagree,3.0,4,likert,not_applicable: scored directly from labels
Q5_3,QID25_6,,Somewhat disagree,2.0,1,likert,not_applicable: scored directly from labels
Q5_4,QID24_4,,Strongly agree,5.0,25,likert,not_applicable: scored directly from labels
Q5_4,QID24_4,,Somewhat agree,4.0,23,likert,not_applicable: scored directly from labels
Q5_4,QID24_4,,Somewhat disagree,2.0,4,likert,not_applicable: scored directly from labels
Q5_4,QID24_4,,Neither agree nor disagree,3.0,15,likert,not_applicable: scored directly from labels
Q5_4,QID24_4,,Strongly Disagree,1.0,2,likert,not_applicable: scored directly from labels
Q5_5,QID25_4,,Somewhat disagree,2.0,9,likert,not_applicable: scored directly from labels
Q5_5,QID25_4,,Somewhat agree,4.0,19,likert,not_applicable: scored directly from labels
Q5_5,QID25_4,,Strongly agree,5.0,14,likert,not_applicable: scored directly from labels
Q5_5,QID25_4,,Neither agree nor disagree,3.0,24,likert,not_applicable: scored directly from labels
Q5_5,QID25_4,,Strongly Disagree,1.0,3,likert,not_applicable: scored directly from labels
Q5_6(New)—-Q5_3(Old),QID25_3,,Somewhat agree,4.0,14,likert,not_applicable: scored directly from labels
Q5_6(New)—-Q5_3(Old),QID25_3,,Neither agree nor disagree,3.0,17,likert,not_applicable: scored directly from labels
Q5_6(New)—-Q5_3(Old),QID25_3,,Strongly agree,5.0,2,likert,not_applicable: scored directly from labels
Q5_6(New)—-Q5_3(Old),QID25_3,,Somewhat disagree,2.0,5,likert,not_applicable: scored directly from labels
Q6,QID44,,Strongly agree,5.0,29,likert,not_applicable: scored directly from labels
Q6,QID44,,Somewhat agree,4.0,25,likert,not_applicable: scored directly from labels
Q6,QID44,,Somewhat disagree,2.0,4,likert,not_applicable: scored directly from labels
Q6,QID44,,Neither agree nor disagree,3.0,11,likert,not_applicable: scored directly from labels
Q7,QID45,,Strongly agree,5.0,18,likert,not_applicable: scored directly from labels
Q7,QID45,,Somewhat agree,4.0,27,likert,not_applicable: scored directly from labels
Q7,QID45,,Neither agree nor disagree,3.0,16,likert,not_applicable: scored directly from labels
Q7,QID45,,Strongly Disagree,1.0,1,likert,not_applicable: scored directly from labels
Q7,QID45,,Somewhat disagree,2.0,6,likert,not_applicable: scored directly from labels
Q8,QID7,,Somewhat agree,4.0,29,likert,not_applicable: scored directly from labels
Q8,QID7,,Strongly agree,5.0,22,likert,not_applicable: scored directly from labels
Q8,QID7,,Neither agree nor disagree,3.0,11,likert,not_applicable: scored directly from labels
Q8,QID7,,Somewhat disagree,2.0,3,likert,not_applicable: scored directly from labels
Q9_1,QID10,,Strongly agree,5.0,32,likert,not_applicable: scored directly from labels
Q9_1,QID10,,Somewhat agree,4.0,24,likert,not_applicable: scored directly from labels
Q9_1,QID10,,Neither agree nor disagree,3.0,9,likert,not_applicable: scored directly from labels
Q9_2(New)——-Q12(Old),QID11,,Somewhat disagree,2.0,9,likert,not_applicable: scored directly from labels
Q9_2(New)——-Q12(Old),QID11,,Somewhat agree,4.0,9,likert,not_applicable: scored directly from labels
Q9_2(New)——-Q12(Old),QID11,,Neither agree nor disagree,3.0,9,likert,not_applicable: scored directly from labels
Q9_2(New)——-Q12(Old),QID11,,Strongly disagree,1.0,4,likert,not_applicable: scored directly from labels
Q9_2(New)——-Q12(Old),QID11,,Strongly Agree,5.0,4,likert,not_applicable: scored directly from labels
Q9_3(New)—-Q9(Old),QID43,,Somewhat agree,4.0,18,likert,not_applicable: scored directly from labels
Q9_3(New)—-Q9(Old),QID43,,Neither agree nor disagree,3.0,12,likert,not_applicable: scored directly from labels
Q9_3(New)—-Q9(Old),QID43,,Strongly agree,5.0,7,likert,not_applicable: scored directly from labels
Q9_3(New)—-Q9(Old),QID43,,Somewhat disagree,2.0,1,likert,not_applicable: scored directly from labels
Q10,QID12,,Strongly disagree,1.0,6,likert,not_applicable: scored directly from labels
Q10,QID12,,Neither agree nor disagree,3.0,20,likert,not_applicable: scored directly from labels
Q10,QID12,,Somewhat agree,4.0,22,likert,not_applicable: scored directly from labels
Q10,QID12,,Somewhat disagree,2.0,12,likert,not_applicable: scored directly from labels
Q10,QID12,,Strongly Agree,5.0,5,likert,not_applicable: scored directly from labels
Q11_1,QID48_1,,Strongly Agree,5.0,7,likert,not_applicable: scored directly from labels
Q11_1,QID48_1,,Neither agree nor disagree,3.0,16,likert,not_applicable: scored directly from labels
Q11_1,QID48_1,,Somewhat agree,4.0,26,likert,not_applicable: scored directly from labels
Q11_1,QID48_1,,Somewhat disagree,2.0,14,likert,not_applicable: scored directly from labels
Q11_1,QID48_1,,Strongly disagree,1.0,1,likert,not_applicable: scored directly from labels
Q11_2,QID48_2,,Strongly disagree,1.0,3,likert,not_applicable: scored directly from labels
Q11_2,QID48_2,,Neither agree nor disagree,3.0,17,likert,not_applicable: scored directly from labels
Q11_2,QID48_2,,Somewhat disagree,2.0,12,likert,not_applicable: scored directly from labels
Q11_2,QID48_2,,Strongly Agree,5.0,11,likert,not_applicable: scored directly from labels
Q11_2,QID48_2,,Somewhat agree,4.0,21,likert,not_applicable: scored directly from labels
Q11_3,QID48_3,,Strongly Agree,5.0,15,likert,not_applicable: scored directly from labels
Q11_3,QID48_3,,Somewhat agree,4.0,23,likert,not_applicable: scored directly from labels
Q11_3,QID48_3,,Neither agree nor disagree,3.0,11,likert,not_applicable: scored directly from labels
Q11_3,QID48_3,,Strongly disagree,1.0,8,likert,not_applicable: scored directly from labels
Q11_3,QID48_3,,Somewhat disagree,2.0,7,likert,not_applicable: scored directly from labels
Q11_4(New)———Q14_4(Old),QID48_4,,Strongly Agree,5.0,2,likert,not_applicable: scored directly from labels
Q11_4(New)———Q14_4(Old),QID48_4,,Somewhat agree,4.0,9,likert,not_applicable: scored directly from labels
Q11_4(New)———Q14_4(Old),QID48_4,,Neither agree nor disagree,3.0,13,likert,not_applicable: scored directly from labels
Q11_4(New)———Q14_4(Old),QID48_4,,Strongly disagree,1.0,3,likert,not_applicable: scored directly from labels
Q11_4(New)———Q14_4(Old),QID48_4,,Somewhat disagree,2.0,7,likert,not_applicable: scored directly from labels
Q12_1,QID65_8,,Neither agree nor disagree,3.0,12,likert,not_applicable: scored directly from labels
Q12_1,QID65_8,,Somewhat disagree,2.0,18,likert,not_applicable: scored directly from labels
Q12_1,QID65_8,,Somewhat agree,4.0,25,likert,not_applicable: scored directly from labels
Q12_1,QID65_8,,Strongly agree,5.0,5,likert,not_applicable: scored directly from labels
Q12_1,QID65_8,,Strongly Disagree,1.0,2,likert,not_applicable: scored directly from labels
Q12_1,QID65_8,,Strongly disagree,1.0,3,likert,not_applicable: scored directly from labels
Q12_1,QID65_8,,Strongly Agree,5.0,2,likert,not_applicable: scored directly from labels
Q12_2,QID65_1,,Somewhat disagree,2.0,5,likert,not_applicable: scored directly from labels
Q12_2,QID65_1,,Strongly Agree,5.0,10,likert,not_applicable: scored directly from labels
Q12_2,QID65_1,,Somewhat agree,4.0,8,likert,not_applicable: scored directly from labels
Q12_3,QID65_3,,Neither agree nor disagree,3.0,5,likert,not_applicable: scored directly from labels
Q12_3,QID65_3,,Somewhat disagree,2.0,3,likert,not_applicable: scored directly from labels
Q12_3,QID65_3,,Strongly Agree,5.0,9,likert,not_applicable: scored directly from labels
Q12_3,QID65_3,,Somewhat agree,4.0,5,likert,not_applicable: scored directly from labels
Q12_3,QID65_3,,Strongly disagree,1.0,1,likert,not_applicable: scored directly from labels
Q12_4,QID65_5,,Neither agree nor disagree,3.0,4,likert,not_applicable: scored directly from labels
Q12_4,QID65_5,,Somewhat agree,4.0,11,likert,not_applicable: scored directly from labels
Q12_4,QID65_5,,Strongly Agree,5.0,3,likert,not_applicable: scored directly from labels
Q12_4,QID65_5,,Somewhat disagree,2.0,5,likert,not_applicable: scored directly from labels
Q12_5,QID65_4,,Somewhat agree,4.0,11,likert,not_applicable: scored directly from labels
Q12_5,QID65_4,,Somewhat disagree,2.0,2,likert,not_applicable: scored directly from labels
Q12_5,QID65_4,,Strongly Agree,5.0,8,likert,not_applicable: scored directly from labels
Q12_5,QID65_4,,Neither agree nor disagree,3.0,1,likert,not_applicable: scored directly from labels
Q12_5,QID65_4,,Strongly disagree,1.0,1,likert,not_applicable: scored directly from labels
Q12_6,QID65_6,,Somewhat agree,4.0,7,likert,not_applicable: scored directly from labels
Q12_6,QID65_6,,Somewhat disagree,2.0,4,likert,not_applicable: scored directly from labels
Q12_6,QID65_6,,Strongly Agree,5.0,10,likert,not_applicable: scored directly from labels
Q12_6,QID65_6,,Neither agree nor disagree,3.0,1,likert,not_applicable: scored directly from labels
Q12_6,QID65_6,,Strongly disagree,1.0,1,likert,not_applicable: scored directly from labels
Q12_7,QID65_2,,Neither agree nor disagree,3.0,2,likert,not_applicable: scored directly from labels
Q12_7,QID65_2,,Somewhat disagree,2.0,2,likert,not_applicable: scored directly from labels
Q12_7,QID65_2,,Strongly Agree,5.0,11,likert,not_applicable: scored directly from labels
Q12_7,QID65_2,,Somewhat agree,4.0,7,likert,not_applicable: scored directly from labels
Q12_7,QID65_2,,Strongly disagree,1.0,1,likert,not_applicable: scored directly from labels
Q12_8,QID65_7,,Neither agree nor disagree,3.0,2,likert,not_applicable: scored directly from labels
Q12_8,QID65_7,,Strongly Agree,5.0,12,likert,not_applicable: scored directly from labels
Q12_8,QID65_7,,Somewhat disagree,2.0,2,likert,not_applicable: scored directly from labels
Q12_8,QID65_7,,Somewhat agree,4.0,6,likert,not_applicable: scored directly from labels
Q12_8,QID65_7,,Strongly disagree,1.0,1,likert,not_applicable: scored directly from labels
Q13_1,QID30_2,,Strongly agree,5.0,19,likert,not_applicable: scored directly from labels
Q13_1,QID30_2,,Neither agree nor disagree,3.0,14,likert,not_applicable: scored directly from labels
Q13_1,QID30_2,,Somewhat agree,4.0,20,likert,not_applicable: scored directly from labels
Q13_1,QID30_2,,Somewhat disagree,2.0,6,likert,not_applicable: scored directly from labels
Q13_1,QID30_2,,Strongly Disagree,1.0,3,likert,not_applicable: scored directly from labels
Q13_2,QID30_4,,Strongly Disagree,1.0,6,likert,not_applicable: scored directly from labels
Q13_2,QID30_4,,Neither agree nor disagree,3.0,19,likert,not_applicable: scored directly from labels
Q13_2,QID30_4,,Somewhat disagree,2.0,10,likert,not_applicable: scored directly from labels
Q13_2,QID30_4,,Somewhat agree,4.0,15,likert,not_applicable: scored directly from labels
Q13_2,QID30_4,,Strongly agree,5.0,12,likert,not_applicable: scored directly from labels
Q13_3,QID49,,Neither agree nor disagree,3.0,21,likert,not_applicable: scored directly from labels
Q13_3,QID49,,Somewhat disagree,2.0,10,likert,not_applicable: scored directly from labels
Q13_3,QID49,,Somewhat agree,4.0,18,likert,not_applicable: scored directly from labels
Q13_3,QID49,,Strongly agree,5.0,12,likert,not_applicable: scored directly from labels
Q13_3,QID49,,Strongly disagree,1.0,1,likert,not_applicable: scored directly from labels
Q13_4(New),QID30_1,,Somewhat agree,4.0,9,likert,not_applicable: scored directly from labels
Q13_4(New),QID30_1,,Neither agree nor disagree,3.0,12,likert,not_applicable: scored directly from labels
Q13_4(New),QID30_1,,Somewhat disagree,2.0,8,likert,not_applicable: scored directly from labels
Q13_4(New),QID30_1,,Strongly agree,5.0,3,likert,not_applicable: scored directly from labels
Q13_4(New),QID30_1,,Strongly Disagree,1.0,2,likert,not_applicable: scored directly from labels
Q13_5(New),QID30_3,,Strongly Disagree,1.0,3,likert,not_applicable: scored directly from labels
Q13_5(New),QID30_3,,Neither agree nor disagree,3.0,11,likert,not_applicable: scored directly from labels
Q13_5(New),QID30_3,,Somewhat agree,4.0,13,likert,not_applicable: scored directly from labels
Q13_5(New),QID30_3,,Somewhat disagree,2.0,4,likert,not_applicable: scored directly from labels
Q13_5(New),QID30_3,,Strongly agree,5.0,3,likert,not_applicable: scored directly from labels
Q14_1,QID51,,Neither agree nor disagree,3.0,23,likert,not_applicable: scored directly from labels
Q14_1,QID51,,Strongly disagree,1.0,9,likert,not_applicable: scored directly from labels
Q14_1,QID51,,Somewhat disagree,2.0,15,likert,not_applicable: scored directly from labels
Q14_1,QID51,,Somewhat agree,4.0,14,likert,not_applicable: scored directly from labels
Q14_1,QID51,,Strongly agree,5.0,2,likert,not_applicable: scored directly from labels
Q14_2(New)———Q17(Old),QID52,,Strongly agree,5.0,10,likert,not_applicable: scored directly from labels
Q14_2(New)———Q17(Old),QID52,,Somewhat agree,4.0,11,likert,not_applicable: scored directly from labels
Q14_2(New)———Q17(Old),QID52,,Somewhat disagree,2.0,2,likert,not_applicable: scored directly from labels
Q14_2(New)———Q17(Old),QID52,,Neither agree nor disagree,3.0,12,likert,not_applicable: scored directly from labels
Q15_1,QID69_1,,Somewhat agree,4.0,26,likert,not_applicable: scored directly from labels
Q15_1,QID69_1,,Somewhat disagree,2.0,5,likert,not_applicable: scored directly from labels
Q15_1,QID69_1,,Strongly disagree,1.0,2,likert,not_applicable: scored directly from labels
Q15_1,QID69_1,,Strongly agree,5.0,19,likert,not_applicable: scored directly from labels
Q15_1,QID69_1,,Neither agree nor disagree,3.0,10,likert,not_applicable: scored directly from labels
Q15_2,QID69_2,,Somewhat disagree,2.0,6,likert,not_applicable: scored directly from labels
Q15_2,QID69_2,,Neither agree nor disagree,3.0,22,likert,not_applicable: scored directly from labels
Q15_2,QID69_2,,Somewhat agree,4.0,21,likert,not_applicable: scored directly from labels
Q15_2,QID69_2,,Strongly agree,5.0,13,likert,not_applicable: scored directly from labels
Q15_2,QID69_2,,Strongly disagree,1.0,1,likert,not_applicable: scored directly from labels
Q15_3,QID69_3,,Strongly agree,5.0,21,likert,not_applicable: scored directly from labels
Q15_3,QID69_3,,Somewhat agree,4.0,17,likert,not_applicable: scored directly from labels
Q15_3,QID69_3,,Neither agree nor disagree,3.0,24,likert,not_applicable: scored directly from labels
Q15_3,QID69_3,,Somewhat disagree,2.0,1,likert,not_applicable: scored directly from labels
Q15_4,QID69_4,,Strongly agree,5.0,30,likert,not_applicable: scored directly from labels
Q15_4,QID69_4,,Somewhat agree,4.0,12,likert,not_applicable: scored directly from labels
Q15_4,QID69_4,,Neither agree nor disagree,3.0,18,likert,not_applicable: scored directly from labels
Q15_4,QID69_4,,Strongly disagree,1.0,1,likert,not_applicable: scored directly from labels
Q15_4,QID69_4,,Somewhat disagree,2.0,2,likert,not_applicable: scored directly from labels
Q16_1,QID54_5,,Somewhat agree,4.0,8,likert,not_applicable: scored directly from labels
Q16_1,QID54_5,,Strongly agree,5.0,9,likert,not_applicable: scored directly from labels
Q16_1,QID54_5,,Neither agree nor disagree,3.0,14,likert,not_applicable: scored directly from labels
Q16_1,QID54_5,,Strongly disagree,1.0,2,likert,not_applicable: scored directly from labels
Q16_1,QID54_5,,Somewhat disagree,2.0,1,likert,not_applicable: scored directly from labels
Q16_1,QID54_5,,Somewhat Agree,4.0,8,likert,not_applicable: scored directly from labels
Q16_1,QID54_5,,Neither Agree nor Disagree,3.0,4,likert,not_applicable: scored directly from labels
Q16_1,QID54_5,,Strongly Agree,5.0,15,likert,not_applicable: scored directly from labels
Q16_1,QID54_5,,Somewhat Disagree,2.0,2,likert,not_applicable: scored directly from labels
Q16_2,QID54_1,,Strongly Agree,5.0,20,likert,not_applicable: scored directly from labels
Q16_2,QID54_1,,Somewhat Agree,4.0,22,likert,not_applicable: scored directly from labels
Q16_2,QID54_1,,Neither Agree nor Disagree,3.0,18,likert,not_applicable: scored directly from labels
Q16_2,QID54_1,,Somewhat Disagree,2.0,2,likert,not_applicable: scored directly from labels
Q16_3,QID54_2,,Somewhat Agree,4.0,24,likert,not_applicable: scored directly from labels
Q16_3,QID54_2,,Neither Agree nor Disagree,3.0,20,likert,not_applicable: scored directly from labels
Q16_3,QID54_2,,Strongly Agree,5.0,16,likert,not_applicable: scored directly from labels
Q16_3,QID54_2,,Somewhat Disagree,2.0,1,likert,not_applicable: scored directly from labels
Q16_4,QID54_3,,Strongly Agree,5.0,18,likert,not_applicable: scored directly from labels
Q16_4,QID54_3,,Somewhat Agree,4.0,23,likert,not_applicable: scored directly from labels
Q16_4,QID54_3,,Neither Agree nor Disagree,3.0,16,likert,not_applicable: scored directly from labels
Q16_4,QID54_3,,Strongly Disagree,1.0,2,likert,not_applicable: scored directly from labels
Q16_4,QID54_3,,Somewhat Disagree,2.0,2,likert,not_applicable: scored directly from labels
Q16_5(New)-Q21_4(Old),QID54_4,,Somewhat Agree,4.0,12,likert,not_applicable: scored directly from labels
Q16_5(New)-Q21_4(Old),QID54_4,,Neither Agree nor Disagree,3.0,11,likert,not_applicable: scored directly from labels
Q16_5(New)-Q21_4(Old),QID54_4,,Strongly Agree,5.0,6,likert,not_applicable: scored directly from labels
Q16_5(New)-Q21_4(Old),QID54_4,,Strongly Disagree,1.0,3,likert,not_applicable: scored directly from labels
Q16_5(New)-Q21_4(Old),QID54_4,,Somewhat Disagree,2.0,1,likert,not_applicable: scored directly from labels
Q17,QID18,,Neither Agree nor Disagree,3.0,3,likert,not_applicable: scored directly from labels
Q17,QID18,,Somewhat Agree,4.0,9,likert,not_applicable: scored directly from labels
Q17,QID18,,Strongly Agree,5.0,9,likert,not_applicable: scored directly from labels
Q17,QID18,,Somewhat Disagree,2.0,1,likert,not_applicable: scored directly from labels
Q18,QID68,,Neither Agree nor Disagree,3.0,16,likert,not_applicable: scored directly from labels
Q18,QID68,,Somewhat Agree,4.0,10,likert,not_applicable: scored directly from labels
Q18,QID68,,Strongly Agree,5.0,6,likert,not_applicable: scored directly from labels
Q18,QID68,,Somewhat Disagree,2.0,2,likert,not_applicable: scored directly from labels
Q18,QID68,,Neither agree nor disagree,3.0,3,likert,not_applicable: scored directly from labels
Q18,QID68,,Somewhat agree,4.0,9,likert,not_applicable: scored directly from labels
Q18,QID68,,Strongly agree,5.0,15,likert,not_applicable: scored directly from labels
Q18,QID68,,Somewhat disagree,2.0,1,likert,not_applicable: scored directly from labels
Q19_1,QID35_1,,Strongly agree,5.0,15,likert,not_applicable: scored directly from labels
Q19_1,QID35_1,,Somewhat agree,4.0,29,likert,not_applicable: scored directly from labels
Q19_1,QID35_1,,Neither agree nor disagree,3.0,14,likert,not_applicable: scored directly from labels
Q19_1,QID35_1,,Strongly Disagree,1.0,1,likert,not_applicable: scored directly from labels
Q19_1,QID35_1,,Somewhat disagree,2.0,2,likert,not_applicable: scored directly from labels
Q19_2,QID35_4,,Neither agree nor disagree,3.0,16,likert,not_applicable: scored directly from labels
Q19_2,QID35_4,,Somewhat agree,4.0,29,likert,not_applicable: scored directly from labels
Q19_2,QID35_4,,Strongly agree,5.0,15,likert,not_applicable: scored directly from labels
Q19_2,QID35_4,,Strongly Disagree,1.0,1,likert,not_applicable: scored directly from labels
Q19_3(New—)Q22_1(Old),QID34_1,,Strongly Agree,5.0,14,likert,not_applicable: scored directly from labels
Q19_3(New—)Q22_1(Old),QID34_1,,Somewhat agree,4.0,11,likert,not_applicable: scored directly from labels
Q19_3(New—)Q22_1(Old),QID34_1,,Neither Agree nor Disagree,3.0,8,likert,not_applicable: scored directly from labels
Q19_3(New—)Q22_1(Old),QID34_1,,Strongly Disagree,1.0,1,likert,not_applicable: scored directly from labels
participantId,participantId,,TEST123,,2,non_likert,not_applicable
participantId,participantId,,12CA830E18F04B30AD7A0D080987520C,,1,non_likert,not_applicable
participantId,participantId,,E9D2BC0109DF4CBBBBBCD7EA6CAE6E45,,1,non_likert,not_applicable
participantId,participantId,,8EC38C11F93E42B28996AECE637F85CB,,1,non_likert,not_applicable
participantId,participantId,,921A774BC3B24D6195133EFD3572F344,,1,non_likert,not_applicable
participantId,participantId,,60B5007270544B84BD9D615FDF5635D0,,1,non_likert,not_applicable
participantId,participantId,,2A9284ABE84C4A319EC3DDCF631D50A2,,1,non_likert,not_applicable
participantId,participantId,,6519BE1F887E457E8F55DAF5746A82C9,,1,non_likert,not_applicable
participantId,participantId,,21CB0CFC3DF442F8BBD6CE5DAE7EDEC5,,1,non_likert,not_applicable
participantId,participantId,,E99B62EBEFA74E9B81DC6C14709C89AC,,1,non_likert,not_applicable
participantId,participantId,,5A9895EC648F486595014804AE42E0B1,,2,non_likert,not_applicable
participantId,participantId,,524ED035176C4631B133A2612A0D420F,,1,non_likert,not_applicable
participantId,participantId,,D4101A92180B4CF3A6670226CDF2D0A5,,1,non_likert,not_applicable
participantId,participantId,,FEA2A02822174392874A9C9A5E25C2C1,,1,non_likert,not_applicable
participantId,participantId,,D71BAF063F364C50BDB457945E6C4E18,,1,non_likert,not_applicable
participantId,participantId,,429DEB0E668B4EF69A7633C8F6555EE9,,1,non_likert,not_applicable
participantId,participantId,,9B773C6D2D5245669267511BB7CA8163,,1,non_likert,not_applicable
participantId,participantId,,8F1590DA228A4E0BAC245EE8E58A92F9,,1,non_likert,not_applicable
participantId,participantId,,76A65CE1717F4309A58736C67710BC0A,,1,non_likert,not_applicable
participantId,participantId,,9041338894C74BAB82930C976D75BB6B,,1,non_likert,not_applicable
participantId,participantId,,0FD131778B6A42B7A1FF3C1ED3C55BA2,,1,non_likert,not_applicable
assignmentId,assignmentId,,ASSIGN123,,2,non_likert,not_applicable
assignmentId,assignmentId,,019f7e72-11c8-7e24-91e3-f9e21c59ad1b,,1,non_likert,not_applicable
assignmentId,assignmentId,,019f7e71-e175-76f8-bdea-2eddb573a864,,1,non_likert,not_applicable
assignmentId,assignmentId,,019f7e71-f334-74a6-9c59-59669dfb810b,,1,non_likert,not_applicable
assignmentId,assignmentId,,019f7e71-e11f-73b9-a438-ae8d3d256c4a,,1,non_likert,not_applicable
assignmentId,assignmentId,,019f7e71-f322-73d1-a428-3ad3399ccf0a,,1,non_likert,not_applicable
assignmentId,assignmentId,,019f7e73-db09-7899-b442-63abd813e79c,,1,non_likert,not_applicable
assignmentId,assignmentId,,019f7e73-ddd8-76b3-96c5-2e128b239e2f,,1,non_likert,not_applicable
assignmentId,assignmentId,,019f7e86-0923-78d3-8bf8-b6431221fa12,,1,non_likert,not_applicable
assignmentId,assignmentId,,019f7e77-b18a-7fa5-a965-ced9e6c0089b,,1,non_likert,not_applicable
assignmentId,assignmentId,,019f7e8a-1a21-7ae9-ba9e-f26acbec4cad,,2,non_likert,not_applicable
assignmentId,assignmentId,,019f7e8d-1836-778f-a47c-f334b60b597b,,1,non_likert,not_applicable
assignmentId,assignmentId,,019f7e8f-0b51-7bac-a6d8-da2ea116505a,,1,non_likert,not_applicable
assignmentId,assignmentId,,019f7e9a-cb53-7fca-9d5e-7a0e001c1d14,,1,non_likert,not_applicable
assignmentId,assignmentId,,019f7ea8-353f-7f6f-aee0-85b73dab934e,,1,non_likert,not_applicable
assignmentId,assignmentId,,019f7ec2-1f99-7718-a74b-a4da0eb61ccb,,1,non_likert,not_applicable
assignmentId,assignmentId,,019f7ed8-939c-7857-b740-1501fb2da358,,1,non_likert,not_applicable
assignmentId,assignmentId,,019f7ed8-f2a8-764a-8e11-d98500e295bf,,1,non_likert,not_applicable
assignmentId,assignmentId,,019f7eeb-1c13-7078-8ed7-a228486db63b,,1,non_likert,not_applicable
assignmentId,assignmentId,,019f7f36-e0bc-7a71-bea7-e66ab6587bbe,,1,non_likert,not_applicable
assignmentId,assignmentId,,019f7f68-14e9-7692-8256-99d80f399093,,1,non_likert,not_applicable
projectId,projectId,,PROJECT123,,2,non_likert,not_applicable
projectId,projectId,,019f7e63-8e10-7e61-ad43-535f8e0ae101,,21,non_likert,not_applicable
