source_column,import_id,question,reverse_worded_for_construct_scoring,valid_n,missing_n,missing_pct,n_1,pct_1,n_2,pct_2,n_3,pct_3,n_4,pct_4,n_5,pct_5,disagree_n,disagree_pct,disagree_wilson95_lower,disagree_wilson95_upper,neutral_n,neutral_pct,agree_n,agree_pct,agree_wilson95_lower,agree_wilson95_upper,agreement_balance_pp,mean,sample_sd,mean_ci95_lower,mean_ci95_upper,median,q1,q3,iqr,mode,min,max
Q5_1,QID25_1,"ERC specifications: - Specification Clarity: I find ERC standard specifications clear and easy to implement. ERC specifications clearly define the expected behaviour, required functions, events, return values, and edge cases needed for a correct implementation.",False,69,12,0.14814814814814814,5,0.07246376811594203,4,0.057971014492753624,9,0.13043478260869565,37,0.5362318840579711,14,0.2028985507246377,9,0.13043478260869565,0.07016627839603491,0.2296829993958729,9,0.13043478260869565,51,0.7391304347826086,0.6248942554937958,0.8281444471114402,60.86956521739131,3.739130434782609,1.0799261128462265,3.479703856495702,3.9985570130695156,4.0,3.0,4.0,1.0,4,1.0,5.0
Q5_2,QID25_2,"ERC specifications: - Implementation Guidance: ERC documentation provides enough implementation guidance to help developers avoid common mistakes, ambiguous interpretations, and incomplete implementations.",False,69,12,0.14814814814814814,3,0.043478260869565216,3,0.043478260869565216,20,0.2898550724637681,30,0.43478260869565216,13,0.18840579710144928,6,0.08695652173913043,0.040463621201533975,0.1770149833894218,20,0.2898550724637681,43,0.6231884057971014,0.5052188643395578,0.7281647097298064,53.62318840579711,3.681159420289855,0.9775833592136395,3.4463182558303687,3.9160005847493413,4.0,3.0,4.0,1.0,4,1.0,5.0
Q5_3,QID25_6,"ERC specifications: - Security Guidance: ERC specifications sufficiently explain the security implications of implementation choices, including approvals, hooks, signatures, replay protection, and interoperability assumptions.",False,26,55,0.6790123456790124,2,0.07692307692307693,1,0.038461538461538464,4,0.15384615384615385,16,0.6153846153846154,3,0.11538461538461539,3,0.11538461538461539,0.04003244623610615,0.2897590321171364,4,0.15384615384615385,19,0.7307692307692307,0.5391695962082381,0.8629555167798162,61.53846153846154,3.6538461538461537,1.0175385080598254,3.242853456000275,4.064838851692032,4.0,3.25,4.0,0.75,4,1.0,5.0
Q5_4,QID24_4,"ERC specifications: - Ambiguity and Interpretation: I have encountered cases where different developers, auditors, tools, wallets, or marketplaces interpret the same ERC requirement differently.",False,69,12,0.14814814814814814,2,0.028985507246376812,4,0.057971014492753624,15,0.21739130434782608,23,0.3333333333333333,25,0.36231884057971014,6,0.08695652173913043,0.040463621201533975,0.1770149833894218,15,0.21739130434782608,48,0.6956521739130435,0.5791642983213836,0.7915037310829005,60.86956521739131,3.9420289855072466,1.0415494392690166,3.6918214908166513,4.192236480197842,4.0,3.0,5.0,2.0,5,1.0,5.0
Q5_5,QID25_4,"ERC specifications: - Compatibility Risk: Ambiguities or missing details in ERC specifications can lead to compatibility issues across wallets, dApps, marketplaces, bridges, or other smart contracts.",False,69,12,0.14814814814814814,3,0.043478260869565216,9,0.13043478260869565,24,0.34782608695652173,19,0.2753623188405797,14,0.2028985507246377,12,0.17391304347826086,0.10238368967996812,0.2798362613128917,24,0.34782608695652173,33,0.4782608695652174,0.36468721213563554,0.5941274512638886,30.434782608695656,3.463768115942029,1.0924838152647918,3.2013248481512377,3.72621138373282,3.0,3.0,4.0,1.0,3,1.0,5.0
Q5_6(New)—-Q5_3(Old),QID25_3,ERC specifications: - I regularly verify my implementations against official standard specifications,False,38,43,0.5308641975308642,0,0.0,5,0.13157894736842105,17,0.4473684210526316,14,0.3684210526315789,2,0.05263157894736842,5,0.13157894736842105,0.05753867690120133,0.2732685944229131,17,0.4473684210526316,16,0.42105263157894735,0.27852501157758713,0.5780765465632945,28.947368421052634,3.3421052631578947,0.7807243964516504,3.0854875397163166,3.5987229865994728,3.0,3.0,4.0,1.0,3,2.0,5.0
Q6,QID44,"Security prioritisation: When selecting or implementing an ERC standard, I explicitly evaluate its security implications, including approval scope, signature/replay risks, receiver-hook behavior, dependency requirements, and interoperability impact, rather than choosing the standard based only on functionality, popularity, or gas efficiency.",False,69,12,0.14814814814814814,0,0.0,4,0.057971014492753624,11,0.15942028985507245,25,0.36231884057971014,29,0.42028985507246375,4,0.057971014492753624,0.02277238888037121,0.13979243357661653,11,0.15942028985507245,54,0.782608695652174,0.6718170359123908,0.8635923398937974,72.46376811594203,4.144927536231884,0.8956654167653392,3.9297652102196463,4.360089862244122,4.0,4.0,5.0,1.0,5,2.0,5.0
Q7,QID45,"Practice: When implementing ERC-based smart contracts, I often rely on existing deployed contracts, widely used code templates as implementation guides, rather than reading all specifications manually from scratch to implement.",False,68,13,0.16049382716049382,1,0.014705882352941176,6,0.08823529411764706,16,0.23529411764705882,27,0.39705882352941174,18,0.2647058823529412,7,0.10294117647058823,0.05076577178992908,0.19757911309365633,16,0.23529411764705882,45,0.6617647058823529,0.543372393866649,0.7628574678474458,55.88235294117647,3.8088235294117645,0.9812777679870089,3.571303708210427,4.0463433506131015,4.0,3.0,5.0,2.0,4,1.0,5.0
Q8,QID7,"When implementing ERC-based smart contracts, I explicitly verify that all mandatory standard dependencies are correctly implemented and semantically compatible. For example, ERC-721 and ERC-1155 rely on ERC-165 interface detection to support interoperability with wallets, marketplaces, and other contracts; therefore, missing or incorrect dependency implementation may cause compatibility failures or security-relevant integration errors.


Reference links :

https://eips.ethereum.org/EIPS/eip-1155,
https://eips.ethereum.org/EIPS/eip-721",False,65,16,0.19753086419753085,0,0.0,3,0.046153846153846156,11,0.16923076923076924,29,0.4461538461538462,22,0.3384615384615385,3,0.046153846153846156,0.015819840413512566,0.12713847263338832,11,0.16923076923076924,51,0.7846153846153846,0.6703343975431146,0.8671324230884898,73.84615384615385,4.076923076923077,0.8349343594650928,3.870036472598546,4.283809681247607,4.0,4.0,5.0,1.0,4,2.0,5.0
Q9_1,QID10,"Dependency Impact: Correct implementation of EIP dependencies is essential for both interoperability and security. For example, ERC-2612 `permit` depends on EIP-712 domain-separated signing; incorrect construction of the signing domain can turn a compatibility issue into a replay or unauthorized-approval risk.",False,65,16,0.19753086419753085,0,0.0,0,0.0,9,0.13846153846153847,24,0.36923076923076925,32,0.49230769230769234,0,0.0,0.0,0.05580153132285689,9,0.13846153846153847,56,0.8615384615384616,0.7573190275365485,0.9254090959684629,86.15384615384616,4.3538461538461535,0.7165623060568693,4.176290708191675,4.531401599500632,4.0,4.0,5.0,1.0,5,3.0,5.0
Q9_2(New)——-Q12(Old),QID11,How strongly do you agree or disagree : I often verify that all mandatory ERC dependencies are fully and correctly implemented before deployment.,False,35,46,0.5679012345679012,4,0.11428571428571428,9,0.2571428571428571,9,0.2571428571428571,9,0.2571428571428571,4,0.11428571428571428,13,0.37142857142857144,0.2316581950336571,0.5366306315640468,9,0.2571428571428571,13,0.37142857142857144,0.2316581950336571,0.5366306315640468,0.0,3.0,1.212678125181665,2.583430489137363,3.416569510862637,3.0,2.0,4.0,2.0,"2, 3, 4",1.0,5.0
Q9_3(New)—-Q9(Old),QID43,"Value of targeted function analysis :
Analysing specific targeted functions (e.g. batch transfers, approvals) for compliance and security is more valuable than running general vulnerability scans. Example being a targeted research for vulnerabilities on ""safeBatchTransferFrom"", ""setApprovalForAll"", etc...",False,38,43,0.5308641975308642,0,0.0,1,0.02631578947368421,12,0.3157894736842105,18,0.47368421052631576,7,0.18421052631578946,1,0.02631578947368421,0.004660587685768783,0.1349487611595213,12,0.3157894736842105,25,0.6578947368421053,0.4989210355178308,0.7878758482004058,63.1578947368421,3.8157894736842106,0.7660097789896834,3.5640083246491265,4.067570622719295,4.0,3.0,4.0,1.0,4,2.0,5.0
Q10,QID12,"I have intentionally implemented a partial ERC specification when certain functions, events, interfaces, or dependency requirements were unnecessary for my use case, after assessing that the deviation would not break interoperability or introduce security risks.",False,65,16,0.19753086419753085,6,0.09230769230769231,12,0.18461538461538463,20,0.3076923076923077,22,0.3384615384615385,5,0.07692307692307693,18,0.27692307692307694,0.1829358381283011,0.39580638353881975,20,0.3076923076923077,27,0.4153846153846154,0.30360241557422635,0.5366101512650265,13.846153846153847,3.123076923076923,1.0969801204285266,2.8512585584903105,3.3948952876635357,3.0,2.0,4.0,2.0,4,1.0,5.0
Q11_1,QID48_1,"Dependency Management and Interoperability :
Please indicate your level of agreement with the following statements. - Dependency Discoverability: I find it easy to identify which ERC standards, interfaces, extensions, or EIPs my contract must support in order to remain compliant and interoperable.",False,64,17,0.20987654320987653,1,0.015625,14,0.21875,16,0.25,26,0.40625,7,0.109375,15,0.234375,0.1474989559392414,0.35133257582568644,16,0.25,33,0.515625,0.39581601478580125,0.6336644833456737,28.125,3.375,1.0,3.1252074322784757,3.6247925677215243,4.0,3.0,4.0,1.0,4,1.0,5.0
Q11_2,QID48_2,"Dependency Management and Interoperability :
Please indicate your level of agreement with the following statements. - Interoperability Failures: I have encountered interoperability issues due to missing ERC dependencies.",False,64,17,0.20987654320987653,3,0.046875,12,0.1875,17,0.265625,21,0.328125,11,0.171875,15,0.234375,0.1474989559392414,0.35133257582568644,17,0.265625,32,0.5,0.3810209474394701,0.6189790525605299,26.5625,3.390625,1.1214671159082161,3.110490849502034,3.670759150497966,3.5,3.0,4.0,1.0,4,1.0,5.0
Q11_3,QID48_3,"Dependency Management and Interoperability :
Please indicate your level of agreement with the following statements. - Multi-Chain Deployment: I have deployed or integrated ERC-based smart contracts across multiple EVM-compatible chains, where differences in chainId, infrastructure, or ecosystem assumptions can affect compatibility and security.",False,64,17,0.20987654320987653,8,0.125,7,0.109375,11,0.171875,23,0.359375,15,0.234375,15,0.234375,0.1474989559392414,0.35133257582568644,11,0.171875,38,0.59375,0.4714520812860451,0.7054309075028039,35.9375,3.46875,1.3089284360856597,3.1417894049864437,3.7957105950135563,4.0,3.0,4.0,1.0,4,1.0,5.0
Q11_4(New)———Q14_4(Old),QID48_4,"Dependency Management and Interoperability : - The current tooling (specification documents, tools) adequately supports developers in ERC dependency management where dependencies are clearly organised with mandatory specifications.",False,34,47,0.5802469135802469,3,0.08823529411764706,7,0.20588235294117646,13,0.38235294117647056,9,0.2647058823529412,2,0.058823529411764705,10,0.29411764705882354,0.1683463067042242,0.4616890979471443,13,0.38235294117647056,11,0.3235294117647059,0.1913164356402551,0.49157105406091794,2.941176470588235,3.0,1.044465935734187,2.63556860659501,3.36443139340499,3.0,2.0,4.0,2.0,3,1.0,5.0
Q12_1,QID65_8,"Signature Construction Correctness:
Please rate your agreement with the following statements about signature-based authorisation in smart contracts, including ERC-20, ERC-712, ERC-2612 permit, ERC-1271, ERC-5267, and related mechanisms. - Specification Comprehension Gap: I find it difficult to determine from the EIP specifications alone whether a signature-based authorization implementation correctly handles ECDSA signatures, nonce usage, deadline checks, DOMAIN_SEPARATOR construction, and replay protection.",False,67,14,0.1728395061728395,5,0.07462686567164178,18,0.26865671641791045,12,0.1791044776119403,25,0.373134328358209,7,0.1044776119402985,23,0.34328358208955223,0.24089006272762914,0.4626733540965101,12,0.1791044776119403,32,0.47761194029850745,0.3625038659495962,0.5951480507395663,13.432835820895523,3.1641791044776117,1.1625079331807922,2.880621139398187,3.4477370695570366,3.0,2.0,4.0,2.0,4,1.0,5.0
Q12_2,QID65_1,"Signature Construction Correctness:
Please rate your agreement with the following statements about signature-based authorisation in smart contracts, including ERC-20, ERC-712, ERC-2612 permit, ERC-1271, ERC-5267, and related mechanisms. - When constructing signature-based authorisation, I understand the complete flow from off-chain signature generation to on-chain verification and state update, including how permit, approve, transferFrom, and operator-based approvals interact.",False,23,58,0.7160493827160493,0,0.0,5,0.21739130434782608,0,0.0,8,0.34782608695652173,10,0.43478260869565216,5,0.21739130434782608,0.09663978026586204,0.4190348301626401,0,0.0,18,0.782608695652174,0.5809651698373599,0.9033602197341379,56.52173913043478,4.0,1.1677484162422844,3.495027717558433,4.504972282441567,4.0,4.0,5.0,1.0,5,2.0,5.0
Q12_3,QID65_3,"Signature Construction Correctness:
Please rate your agreement with the following statements about signature-based authorisation in smart contracts, including ERC-20, ERC-712, ERC-2612 permit, ERC-1271, ERC-5267, and related mechanisms. - I understand ERC specifications of ERC-712 and how the ERC-712 DOMAIN_SEPARATOR binds a signature to a specific authorisation domain at the wallet side using fields such as contract name, version, chainId, verifyingContract, and optional salt.",False,23,58,0.7160493827160493,1,0.043478260869565216,3,0.13043478260869565,5,0.21739130434782608,5,0.21739130434782608,9,0.391304347826087,4,0.17391304347826086,0.06978653563062565,0.3713764764022614,5,0.21739130434782608,14,0.6086956521739131,0.4078552239138171,0.7784237720752205,43.47826086956522,3.782608695652174,1.2415723806063765,3.2457125370868596,4.319504854217488,4.0,3.0,5.0,2.0,5,1.0,5.0
Q12_4,QID65_5,"Signature Construction Correctness:
Please rate your agreement with the following statements about signature-based authorisation in smart contracts, including ERC-20, ERC-712, ERC-2612 permit, ERC-1271, ERC-5267, and related mechanisms. - When implementing ERC-2612 permit logic, I agree that it is hard or require special knowledge to understand that nonce, deadline, spender/operator, token scope, amount, and authorization target are correctly enforced to prevent replay or unintended reuse.",False,23,58,0.7160493827160493,0,0.0,5,0.21739130434782608,4,0.17391304347826086,11,0.4782608695652174,3,0.13043478260869565,5,0.21739130434782608,0.09663978026586204,0.4190348301626401,4,0.17391304347826086,14,0.6086956521739131,0.4078552239138171,0.7784237720752205,39.130434782608695,3.5217391304347827,0.9940534656094303,3.091878177154247,3.9516000837153182,4.0,3.0,4.0,1.0,4,2.0,5.0
Q12_5,QID65_4,"Signature Construction Correctness:
Please rate your agreement with the following statements about signature-based authorisation in smart contracts, including ERC-20, ERC-712, ERC-2612 permit, ERC-1271, ERC-5267, and related mechanisms. - I understand that signatures or off-chain authorizations may become replayable across chains, contracts, versions, proxies, forks, or deployment contexts if the domain separator is missing, incomplete, stale, or incorrectly constructed.",False,23,58,0.7160493827160493,1,0.043478260869565216,2,0.08695652173913043,1,0.043478260869565216,11,0.4782608695652174,8,0.34782608695652173,3,0.13043478260869565,0.04537659093631238,0.32127482270095964,1,0.043478260869565216,19,0.8260869565217391,0.6286235235977385,0.9302134643693744,69.56521739130434,4.0,1.087114613009218,3.529896388835738,4.470103611164262,4.0,4.0,5.0,1.0,4,1.0,5.0
Q12_6,QID65_6,"Signature Construction Correctness:
Please rate your agreement with the following statements about signature-based authorisation in smart contracts, including ERC-20, ERC-712, ERC-2612 permit, ERC-1271, ERC-5267, and related mechanisms. - Replay Risk: I know the risks involved with cached stored domain separators, incorrect chainId and verifyingContract and its impact will lead to cross-chain and contract replay attacks and loss of money.",False,23,58,0.7160493827160493,1,0.043478260869565216,4,0.17391304347826086,1,0.043478260869565216,7,0.30434782608695654,10,0.43478260869565216,5,0.21739130434782608,0.09663978026586204,0.4190348301626401,1,0.043478260869565216,17,0.7391304347826086,0.5352999516257462,0.8745138395501366,52.17391304347826,3.9130434782608696,1.276110691916542,3.361211833891092,4.464875122630647,4.0,3.5,5.0,1.5,5,1.0,5.0
Q12_7,QID65_2,"Signature Construction Correctness:
Please rate your agreement with the following statements about signature-based authorisation in smart contracts, including ERC-20, ERC-712, ERC-2612 permit, ERC-1271, ERC-5267, and related mechanisms. - I often consider how wallets, marketplaces, bridges, relayers, and other external protocols interpret the signed message, displayed signing fields, approval scope, and resulting authorisation effect.",False,23,58,0.7160493827160493,1,0.043478260869565216,2,0.08695652173913043,2,0.08695652173913043,7,0.30434782608695654,11,0.4782608695652174,3,0.13043478260869565,0.04537659093631238,0.32127482270095964,2,0.08695652173913043,18,0.782608695652174,0.5809651698373599,0.9033602197341379,65.21739130434783,4.086956521739131,1.164358718478306,3.583450054530413,4.5904629889478485,4.0,4.0,5.0,1.0,5,1.0,5.0
Q12_8,QID65_7,"Signature Construction Correctness:
Please rate your agreement with the following statements about signature-based authorisation in smart contracts, including ERC-20, ERC-712, ERC-2612 permit, ERC-1271, ERC-5267, and related mechanisms. - Mitigation: I would benefit from automated tools or audit checklists that specifically verify signature construction correctness, including domain separator fields, nonce/deadline handling, wallet interpretation, proxy behaviour, and replay resistance.",False,23,58,0.7160493827160493,1,0.043478260869565216,2,0.08695652173913043,2,0.08695652173913043,6,0.2608695652173913,12,0.5217391304347826,3,0.13043478260869565,0.04537659093631238,0.32127482270095964,2,0.08695652173913043,18,0.782608695652174,0.5809651698373599,0.9033602197341379,65.21739130434783,4.130434782608695,1.179535649239177,3.6203653183877984,4.640504246829592,5.0,4.0,5.0,1.0,5,1.0,5.0
Q13_1,QID30_2,"ERC Specifications and Security Considerations : - Security vs Gas Optimisation: When implementing ERC standards, I prioritise specification correctness and security-preserving behaviour over gas optimisation when these goals conflict.",False,62,19,0.2345679012345679,3,0.04838709677419355,6,0.0967741935483871,14,0.22580645161290322,20,0.3225806451612903,19,0.3064516129032258,9,0.14516129032258066,0.07829411405317006,0.25343393711554596,14,0.22580645161290322,39,0.6290322580645161,0.5045796412346053,0.7384283401585889,48.38709677419355,3.7419354838709675,1.1442727502291465,3.4513446164716295,4.032526351270305,4.0,3.0,5.0,2.0,4,1.0,5.0
Q13_2,QID30_4,"ERC Specifications and Security Considerations : - Incorrect Standard Implementation: I have encountered, audited, or fixed security vulnerabilities caused by incorrect, incomplete, or inconsistent implementation of ERC standard requirements.",False,62,19,0.2345679012345679,6,0.0967741935483871,10,0.16129032258064516,19,0.3064516129032258,15,0.24193548387096775,12,0.1935483870967742,16,0.25806451612903225,0.1655487614162807,0.37881127347148014,19,0.3064516129032258,27,0.43548387096774194,0.31942588902489055,0.5590701202785123,17.741935483870968,3.274193548387097,1.230345211302132,2.9617443686951823,3.5866427280790116,3.0,2.25,4.0,1.75,3,1.0,5.0
Q13_3,QID49,"ERC Specifications and Security Considerations : - Batch Transfer Risk: ERC-1155 batch-transfer functions such as safeBatchTransferFrom introduce amplified risk because a single incorrectly implemented call may affect multiple token IDs, balances, receiver checks, and state updates within one transaction.",False,62,19,0.2345679012345679,1,0.016129032258064516,10,0.16129032258064516,21,0.3387096774193548,18,0.2903225806451613,12,0.1935483870967742,11,0.1774193548387097,0.10206437766005086,0.2904156688569637,21,0.3387096774193548,30,0.4838709677419355,0.36409859838245745,0.6055254039433933,30.64516129032258,3.4838709677419355,1.0361013856946588,3.220750483292425,3.746991452191446,3.0,3.0,4.0,1.0,3,1.0,5.0
Q13_4(New),QID30_1,Security Considerations : - I am aware of security pitfalls specific to each ERC standard I implement,False,34,47,0.5802469135802469,2,0.058823529411764705,8,0.23529411764705882,12,0.35294117647058826,9,0.2647058823529412,3,0.08823529411764706,10,0.29411764705882354,0.1683463067042242,0.4616890979471443,12,0.35294117647058826,12,0.35294117647058826,0.21487920594879492,0.5208603688021826,5.88235294117647,3.088235294117647,1.0550785424970928,2.7201009871585193,3.456369601076775,3.0,2.0,4.0,2.0,3,1.0,5.0
Q13_5(New),QID30_3,Security Considerations : - I use specific security tools for ERC standard compliance checking,False,34,47,0.5802469135802469,3,0.08823529411764706,4,0.11764705882352941,11,0.3235294117647059,13,0.38235294117647056,3,0.08823529411764706,7,0.20588235294117646,0.10349526899031913,0.36798388051163594,11,0.3235294117647059,16,0.47058823529411764,0.3145150447508847,0.6326328701993107,26.47058823529412,3.264705882352941,1.081772494129546,2.8872576153534966,3.6421541493523857,3.0,3.0,4.0,1.0,4,1.0,5.0
Q14_1,QID51,"Delegated Authorisation and Approval Propagation: Please indicate how much you agree or disagree:

When an owner grants approval to a spender or operator through mechanisms such as ERC-20 approve, ERC-2612 permit, or ERC-721/ERC-1155 setApprovalForAll, and this ""operator"" continues to provide further approvals to other operators with or without owners knowledge, do you agree that these delegated approvals authentic and valid cases?",False,63,18,0.2222222222222222,9,0.14285714285714285,15,0.23809523809523808,23,0.36507936507936506,14,0.2222222222222222,2,0.031746031746031744,24,0.38095238095238093,0.2711746846567971,0.5044136961976913,23,0.36507936507936506,16,0.25396825396825395,0.1628041127332116,0.3734118743660646,-12.698412698412698,2.761904761904762,1.0582134322539878,2.495397160287888,3.028412363521636,3.0,2.0,3.5,1.5,3,1.0,5.0
Q14_2(New)———Q17(Old),QID52,"Please indicate how much you agree or disagree with the following statements regarding the ""setApprovalForAll"" (used in ERC-721, ERC-1155) function and its associated security risks.


I agree that with the specific phishing risks associated with setApprovalForAll, where a malicious actor (unauthorised operator) can trick a user into signing an order that exploits their existing, broad approval",False,35,46,0.5679012345679012,0,0.0,2,0.05714285714285714,12,0.34285714285714286,11,0.3142857142857143,10,0.2857142857142857,2,0.05714285714285714,0.015813161857108654,0.1860705742016492,12,0.34285714285714286,21,0.6,0.435727090128925,0.7444927114061941,54.285714285714285,3.8285714285714287,0.9230930832457441,3.5114778600610226,4.145664997081835,4.0,3.0,5.0,2.0,3,2.0,5.0
Q15_1,QID69_1,"Please indicate your level of agreement with the following statements about approval-based authorisation mechanisms, including ERC-20 `approve`/`transferFrom`, ERC-2612 `permit`, and ERC-721/ERC-1155 `setApprovalForAll`, and their associated security risks. - Gravity of Risk: I believe the security risks posed by approvals are a critical not just a theoretical or edge-case problem. Approval-based mechanisms can expose users to phishing or misleading authorisation risks when permissions are broad, persistent with no deadline, poorly scoped, or difficult for wallets to display clearly.",False,62,19,0.2345679012345679,2,0.03225806451612903,5,0.08064516129032258,10,0.16129032258064516,26,0.41935483870967744,19,0.3064516129032258,7,0.11290322580645161,0.05577863529399969,0.21519742052641772,10,0.16129032258064516,45,0.7258064516129032,0.6040746035801102,0.8211893638579796,61.29032258064516,3.8870967741935485,1.0418275038883722,3.622522128004707,4.15167142038239,4.0,3.0,5.0,2.0,4,1.0,5.0
Q15_2,QID69_2,"Please indicate your level of agreement with the following statements about approval-based authorisation mechanisms, including ERC-20 `approve`/`transferFrom`, ERC-2612 `permit`, and ERC-721/ERC-1155 `setApprovalForAll`, and their associated security risks. - Protocol-Level Problem: I consider the current approval implementation to be a fundamental misunderstanding risk in the ERC-20/721/1155 standards that should be addressed at the protocol level, not just through user education.",False,63,18,0.2222222222222222,1,0.015873015873015872,6,0.09523809523809523,22,0.3492063492063492,21,0.3333333333333333,13,0.20634920634920634,7,0.1111111111111111,0.05487548662383722,0.21204655750082524,22,0.3492063492063492,34,0.5396825396825397,0.4178925188089537,0.6569113542395502,42.857142857142854,3.619047619047619,0.9743247691403358,3.3736671036383408,3.8644281344568974,4.0,3.0,4.0,1.0,3,1.0,5.0
Q15_3,QID69_3,"Please indicate your level of agreement with the following statements about approval-based authorisation mechanisms, including ERC-20 `approve`/`transferFrom`, ERC-2612 `permit`, and ERC-721/ERC-1155 `setApprovalForAll`, and their associated security risks. - Mitigation - Time-Bound Approvals: Implementing an expiry mechanism for operator approvals (e.g., approveForAll(operator, expiryTimestamp)) would be a highly effective way to mitigate these risks.",False,63,18,0.2222222222222222,0,0.0,1,0.015873015873015872,24,0.38095238095238093,17,0.2698412698412698,21,0.3333333333333333,1,0.015873015873015872,0.002807494213869277,0.08458525459438397,24,0.38095238095238093,38,0.6031746031746031,0.47980918511657444,0.7146808848095354,58.730158730158735,3.9206349206349205,0.8853937943191975,3.6976513811915863,4.143618460078255,4.0,3.0,5.0,2.0,3,2.0,5.0
Q15_4,QID69_4,"Please indicate your level of agreement with the following statements about approval-based authorisation mechanisms, including ERC-20 `approve`/`transferFrom`, ERC-2612 `permit`, and ERC-721/ERC-1155 `setApprovalForAll`, and their associated security risks. - Developer Responsibility: Smart contract developers building marketplaces or wallets have a responsibility to implement safeguards (e.g., clear warnings, default expiries) to protect users from this vulnerability.",False,63,18,0.2222222222222222,1,0.015873015873015872,2,0.031746031746031744,18,0.2857142857142857,12,0.19047619047619047,30,0.47619047619047616,3,0.047619047619047616,0.0163261688679956,0.13090967837906073,18,0.2857142857142857,42,0.6666666666666666,0.5436724114497559,0.7705038553539602,61.904761904761905,4.079365079365079,1.0207774914975238,3.8222855973327636,4.3364445613973945,4.0,3.0,5.0,2.0,5,1.0,5.0
Q16_1,QID54_5,"Smart Contract Development: Implementing Token Receiver Hooks - Implementation: ERC-721, ERC-1155, ERC-1363, ERC-777: I am aware and agree that for a smart contract to safely receive tokens, it MUST implement a tokensReceived, onERC1155BatchReceived, and onTransferReceived hook as a critical safeguard for the function.",False,63,18,0.2222222222222222,2,0.031746031746031744,3,0.047619047619047616,18,0.2857142857142857,16,0.25396825396825395,24,0.38095238095238093,5,0.07936507936507936,0.03437584717681855,0.17270309850904084,18,0.2857142857142857,40,0.6349206349206349,0.5114870970152784,0.7428460713496347,55.55555555555556,3.9047619047619047,1.0733469768527295,3.634442969294938,4.175080840228872,4.0,3.0,5.0,2.0,5,1.0,5.0
Q16_2,QID54_1,Smart Contract Development: Implementing Token Receiver Hooks - Risk - Re-entrancy: I agree that these receiver hooks introduce a major re-entrancy attack vector and must be designed with the checks-effects-interactions pattern in mind.,False,62,19,0.2345679012345679,0,0.0,2,0.03225806451612903,18,0.2903225806451613,22,0.3548387096774194,20,0.3225806451612903,2,0.03225806451612903,0.008891371499816635,0.11020469594985441,18,0.2903225806451613,42,0.6774193548387096,0.553680880928481,0.780455093487161,64.51612903225806,3.967741935483871,0.8677791880404786,3.747367285372455,4.188116585595287,4.0,3.0,5.0,2.0,4,2.0,5.0
Q16_3,QID54_2,Smart Contract Development: Implementing Token Receiver Hooks - Risk - Token Lock/Loss: I understand that failing to implement receiver hooks functions will result in transferred tokens being permanently locked and unrecoverable in the recipient contract for these standards.,False,61,20,0.24691358024691357,0,0.0,1,0.01639344262295082,20,0.32786885245901637,24,0.39344262295081966,16,0.26229508196721313,1,0.01639344262295082,0.002899730799299824,0.08718860044641587,20,0.32786885245901637,40,0.6557377049180327,0.5304974914056818,0.7625249103965454,63.934426229508205,3.901639344262295,0.8104508628491279,3.6940732404496526,4.109205448074937,4.0,3.0,5.0,2.0,4,2.0,5.0
Q16_4,QID54_3,"Smart Contract Development: Implementing Token Receiver Hooks - Development Diligence: In my own development, I meticulously check the token standard I am integrating and always implement the required receiver interface before deployment.",False,61,20,0.24691358024691357,2,0.03278688524590164,2,0.03278688524590164,16,0.26229508196721313,23,0.3770491803278688,18,0.29508196721311475,4,0.06557377049180328,0.02579370448956657,0.1568280167989577,16,0.26229508196721313,41,0.6721311475409836,0.5472180631353664,0.7766488020144636,60.65573770491803,3.8688524590163933,0.9912182712209183,3.6149896722436807,4.122715245789106,4.0,3.0,5.0,2.0,4,1.0,5.0
Q16_5(New)-Q21_4(Old),QID54_4,Smart Contract Development: Implementing Token Receiver Hooks - Testing: I rigorously test receiver hook implementations using fuzzers/invariants to simulate malicious token contracts and unexpected call paths.,False,33,48,0.5925925925925926,3,0.09090909090909091,1,0.030303030303030304,11,0.3333333333333333,12,0.36363636363636365,6,0.18181818181818182,4,0.12121212121212122,0.04816161309413558,0.2732550517107523,11,0.3333333333333333,18,0.5454545454545454,0.37985938536217456,0.7015706148612388,42.42424242424242,3.515151515151515,1.1214168527250503,3.117514389440936,3.9127886408620944,4.0,3.0,4.0,1.0,4,1.0,5.0
Q17,QID18,"AI Agents and Agentic Economy: Please indicate your level of agreement with the following statement:


I am currently using, experimenting with, or planning to support AI-agent-related standards or mechanisms, such as ERC-8004 trustless agents, EIP-7702 account delegation, agent wallets, autonomous transaction execution, or agent-to-agent coordination. I believe these agentic-economy use cases will become increasingly important, but will also introduce new implementation and security challenges, including wallet-agent trust, accountability, and cross-contract interoperability.",False,22,59,0.7283950617283951,0,0.0,1,0.045454545454545456,3,0.13636363636363635,9,0.4090909090909091,9,0.4090909090909091,1,0.045454545454545456,0.00806942762126385,0.21798045838657332,3,0.13636363636363635,18,0.8181818181818182,0.6148339256287345,0.9269311541657794,77.27272727272727,4.181818181818182,0.8528028654224418,3.8037065736858793,4.559929789950484,4.0,4.0,5.0,1.0,"4, 5",2.0,5.0
Q18,QID68,"The growing number of ERC standards and extensions increases development complexity by making it harder to identify which specifications, dependencies, interfaces, and security assumptions must be implemented together for correct interoperability.",False,62,19,0.2345679012345679,0,0.0,3,0.04838709677419355,19,0.3064516129032258,19,0.3064516129032258,21,0.3387096774193548,3,0.04838709677419355,0.016591685850580726,0.1328803792732396,19,0.3064516129032258,40,0.6451612903225806,0.5208113075778423,0.752572671489501,59.67741935483871,3.935483870967742,0.9209931870297748,3.701595395484717,4.169372346450767,4.0,3.0,5.0,2.0,5,2.0,5.0
Q19_1,QID35_1,Future Outlook and Adoption - I am confident in adopting new ERC standards quickly,False,61,20,0.24691358024691357,1,0.01639344262295082,2,0.03278688524590164,14,0.22950819672131148,29,0.47540983606557374,15,0.2459016393442623,3,0.04918032786885246,0.0168659826687624,0.134911275272159,14,0.22950819672131148,44,0.7213114754098361,0.5982856941182984,0.8181145610743403,67.21311475409836,3.901639344262295,0.8699601146563537,3.6788322133810802,4.12444647514351,4.0,3.0,4.0,1.0,4,1.0,5.0
Q19_2,QID35_4,Future Outlook and Adoption - The ERC ecosystem is evolving in a developer-friendly direction,False,61,20,0.24691358024691357,1,0.01639344262295082,0,0.0,16,0.26229508196721313,29,0.47540983606557374,15,0.2459016393442623,1,0.01639344262295082,0.002899730799299824,0.08718860044641587,16,0.26229508196721313,44,0.7213114754098361,0.5982856941182984,0.8181145610743403,70.49180327868852,3.9344262295081966,0.813815139922583,3.725998494329245,4.1428539646871485,4.0,3.0,4.0,1.0,4,1.0,5.0
Q19_3(New—)Q22_1(Old),QID34_1,Tooling and Ecosystem Needs: - I would benefit from automated Security auditing frameworks and targeted analysis tools,False,34,47,0.5802469135802469,1,0.029411764705882353,0,0.0,8,0.23529411764705882,11,0.3235294117647059,14,0.4117647058823529,1,0.029411764705882353,0.0052109062762689395,0.1491557329268593,8,0.23529411764705882,25,0.7352941176470589,0.5688285871705534,0.8539880932278825,70.58823529411765,4.088235294117647,0.9650764472411539,3.751504202774579,4.424966385460714,4.0,3.25,5.0,1.75,5,1.0,5.0
