source_column,import_id,question,semantic_score,response_label,n,pct_of_valid,wilson95_lower,wilson95_upper,valid_n
Q5_1,QID25_1,"ERC specifications: - Specification Clarity: I find ERC standard specifications clear and easy to implement. ERC specifications clearly define the expected behaviour, required functions, events, return values, and edge cases needed for a correct implementation.",1,Strongly disagree,5,0.07246376811594203,0.03134777142998149,0.1586739420939903,69
Q5_1,QID25_1,"ERC specifications: - Specification Clarity: I find ERC standard specifications clear and easy to implement. ERC specifications clearly define the expected behaviour, required functions, events, return values, and edge cases needed for a correct implementation.",2,Somewhat disagree,4,0.057971014492753624,0.02277238888037121,0.13979243357661653,69
Q5_1,QID25_1,"ERC specifications: - Specification Clarity: I find ERC standard specifications clear and easy to implement. ERC specifications clearly define the expected behaviour, required functions, events, return values, and edge cases needed for a correct implementation.",3,Neither agree nor disagree,9,0.13043478260869565,0.07016627839603491,0.2296829993958729,69
Q5_1,QID25_1,"ERC specifications: - Specification Clarity: I find ERC standard specifications clear and easy to implement. ERC specifications clearly define the expected behaviour, required functions, events, return values, and edge cases needed for a correct implementation.",4,Somewhat agree,37,0.5362318840579711,0.4197840683642111,0.648858159303249,69
Q5_1,QID25_1,"ERC specifications: - Specification Clarity: I find ERC standard specifications clear and easy to implement. ERC specifications clearly define the expected behaviour, required functions, events, return values, and edge cases needed for a correct implementation.",5,Strongly agree,14,0.2028985507246377,0.12489333067903491,0.31224040244779294,69
Q5_2,QID25_2,"ERC specifications: - Implementation Guidance: ERC documentation provides enough implementation guidance to help developers avoid common mistakes, ambiguous interpretations, and incomplete implementations.",1,Strongly disagree,3,0.043478260869565216,0.014895903896212308,0.12021202749379145,69
Q5_2,QID25_2,"ERC specifications: - Implementation Guidance: ERC documentation provides enough implementation guidance to help developers avoid common mistakes, ambiguous interpretations, and incomplete implementations.",2,Somewhat disagree,3,0.043478260869565216,0.014895903896212308,0.12021202749379145,69
Q5_2,QID25_2,"ERC specifications: - Implementation Guidance: ERC documentation provides enough implementation guidance to help developers avoid common mistakes, ambiguous interpretations, and incomplete implementations.",3,Neither agree nor disagree,20,0.2898550724637681,0.19616057979260038,0.4057144997361315,69
Q5_2,QID25_2,"ERC specifications: - Implementation Guidance: ERC documentation provides enough implementation guidance to help developers avoid common mistakes, ambiguous interpretations, and incomplete implementations.",4,Somewhat agree,30,0.43478260869565216,0.32432802635131497,0.5521159638472569,69
Q5_2,QID25_2,"ERC specifications: - Implementation Guidance: ERC documentation provides enough implementation guidance to help developers avoid common mistakes, ambiguous interpretations, and incomplete implementations.",5,Strongly agree,13,0.18840579710144928,0.11354748324355969,0.29612935881628416,69
Q5_3,QID25_6,"ERC specifications: - Security Guidance: ERC specifications sufficiently explain the security implications of implementation choices, including approvals, hooks, signatures, replay protection, and interoperability assumptions.",1,Strongly disagree,2,0.07692307692307693,0.0213550884722762,0.2414155377162906,26
Q5_3,QID25_6,"ERC specifications: - Security Guidance: ERC specifications sufficiently explain the security implications of implementation choices, including approvals, hooks, signatures, replay protection, and interoperability assumptions.",2,Somewhat disagree,1,0.038461538461538464,0.006821984993543487,0.18892778903034757,26
Q5_3,QID25_6,"ERC specifications: - Security Guidance: ERC specifications sufficiently explain the security implications of implementation choices, including approvals, hooks, signatures, replay protection, and interoperability assumptions.",3,Neither agree nor disagree,4,0.15384615384615385,0.06150033723578355,0.3353119932821348,26
Q5_3,QID25_6,"ERC specifications: - Security Guidance: ERC specifications sufficiently explain the security implications of implementation choices, including approvals, hooks, signatures, replay protection, and interoperability assumptions.",4,Somewhat agree,16,0.6153846153846154,0.4253485008511553,0.7757140556428721,26
Q5_3,QID25_6,"ERC specifications: - Security Guidance: ERC specifications sufficiently explain the security implications of implementation choices, including approvals, hooks, signatures, replay protection, and interoperability assumptions.",5,Strongly agree,3,0.11538461538461539,0.04003244623610615,0.2897590321171364,26
Q5_4,QID24_4,"ERC specifications: - Ambiguity and Interpretation: I have encountered cases where different developers, auditors, tools, wallets, or marketplaces interpret the same ERC requirement differently.",1,Strongly disagree,2,0.028985507246376812,0.007985202692364197,0.09966583763065553,69
Q5_4,QID24_4,"ERC specifications: - Ambiguity and Interpretation: I have encountered cases where different developers, auditors, tools, wallets, or marketplaces interpret the same ERC requirement differently.",2,Somewhat disagree,4,0.057971014492753624,0.02277238888037121,0.13979243357661653,69
Q5_4,QID24_4,"ERC specifications: - Ambiguity and Interpretation: I have encountered cases where different developers, auditors, tools, wallets, or marketplaces interpret the same ERC requirement differently.",3,Neither agree nor disagree,15,0.21739130434782608,0.13640766010620264,0.32818296408760916,69
Q5_4,QID24_4,"ERC specifications: - Ambiguity and Interpretation: I have encountered cases where different developers, auditors, tools, wallets, or marketplaces interpret the same ERC requirement differently.",4,Somewhat agree,23,0.3333333333333333,0.2335105070168671,0.4507352457128168,69
Q5_4,QID24_4,"ERC specifications: - Ambiguity and Interpretation: I have encountered cases where different developers, auditors, tools, wallets, or marketplaces interpret the same ERC requirement differently.",5,Strongly agree,25,0.36231884057971014,0.2589572436016878,0.4802022912619641,69
Q5_5,QID25_4,"ERC specifications: - Compatibility Risk: Ambiguities or missing details in ERC specifications can lead to compatibility issues across wallets, dApps, marketplaces, bridges, or other smart contracts.",1,Strongly disagree,3,0.043478260869565216,0.014895903896212308,0.12021202749379145,69
Q5_5,QID25_4,"ERC specifications: - Compatibility Risk: Ambiguities or missing details in ERC specifications can lead to compatibility issues across wallets, dApps, marketplaces, bridges, or other smart contracts.",2,Somewhat disagree,9,0.13043478260869565,0.07016627839603491,0.2296829993958729,69
Q5_5,QID25_4,"ERC specifications: - Compatibility Risk: Ambiguities or missing details in ERC specifications can lead to compatibility issues across wallets, dApps, marketplaces, bridges, or other smart contracts.",3,Neither agree nor disagree,24,0.34782608695652173,0.24618141928624354,0.4655212245104244,69
Q5_5,QID25_4,"ERC specifications: - Compatibility Risk: Ambiguities or missing details in ERC specifications can lead to compatibility issues across wallets, dApps, marketplaces, bridges, or other smart contracts.",4,Somewhat agree,19,0.2753623188405797,0.1839452163184169,0.390472972143331,69
Q5_5,QID25_4,"ERC specifications: - Compatibility Risk: Ambiguities or missing details in ERC specifications can lead to compatibility issues across wallets, dApps, marketplaces, bridges, or other smart contracts.",5,Strongly agree,14,0.2028985507246377,0.12489333067903491,0.31224040244779294,69
Q5_6(New)—-Q5_3(Old),QID25_3,ERC specifications: - I regularly verify my implementations against official standard specifications,1,Strongly disagree,0,0.0,0.0,0.09180986822558396,38
Q5_6(New)—-Q5_3(Old),QID25_3,ERC specifications: - I regularly verify my implementations against official standard specifications,2,Somewhat disagree,5,0.13157894736842105,0.05753867690120133,0.2732685944229131,38
Q5_6(New)—-Q5_3(Old),QID25_3,ERC specifications: - I regularly verify my implementations against official standard specifications,3,Neither agree nor disagree,17,0.4473684210526316,0.3014640099805125,0.6029370287800753,38
Q5_6(New)—-Q5_3(Old),QID25_3,ERC specifications: - I regularly verify my implementations against official standard specifications,4,Somewhat agree,14,0.3684210526315789,0.23384219247155955,0.5271604044299099,38
Q5_6(New)—-Q5_3(Old),QID25_3,ERC specifications: - I regularly verify my implementations against official standard specifications,5,Strongly agree,2,0.05263157894736842,0.014554208147292413,0.17285462131770377,38
Q6,QID44,"Security prioritisation: When selecting or implementing an ERC standard, I explicitly evaluate its security implications, including approval scope, signature/replay risks, receiver-hook behavior, dependency requirements, and interoperability impact, rather than choosing the standard based only on functionality, popularity, or gas efficiency.",1,Strongly disagree,0,0.0,3.469446951953614e-18,0.05273725818905173,69
Q6,QID44,"Security prioritisation: When selecting or implementing an ERC standard, I explicitly evaluate its security implications, including approval scope, signature/replay risks, receiver-hook behavior, dependency requirements, and interoperability impact, rather than choosing the standard based only on functionality, popularity, or gas efficiency.",2,Somewhat disagree,4,0.057971014492753624,0.02277238888037121,0.13979243357661653,69
Q6,QID44,"Security prioritisation: When selecting or implementing an ERC standard, I explicitly evaluate its security implications, including approval scope, signature/replay risks, receiver-hook behavior, dependency requirements, and interoperability impact, rather than choosing the standard based only on functionality, popularity, or gas efficiency.",3,Neither agree nor disagree,11,0.15942028985507245,0.09141824277768033,0.2633448171481954,69
Q6,QID44,"Security prioritisation: When selecting or implementing an ERC standard, I explicitly evaluate its security implications, including approval scope, signature/replay risks, receiver-hook behavior, dependency requirements, and interoperability impact, rather than choosing the standard based only on functionality, popularity, or gas efficiency.",4,Somewhat agree,25,0.36231884057971014,0.2589572436016878,0.4802022912619641,69
Q6,QID44,"Security prioritisation: When selecting or implementing an ERC standard, I explicitly evaluate its security implications, including approval scope, signature/replay risks, receiver-hook behavior, dependency requirements, and interoperability impact, rather than choosing the standard based only on functionality, popularity, or gas efficiency.",5,Strongly agree,29,0.42028985507246375,0.3110611534112484,0.5379259457203395,69
Q7,QID45,"Practice: When implementing ERC-based smart contracts, I often rely on existing deployed contracts, widely used code templates as implementation guides, rather than reading all specifications manually from scratch to implement.",1,Strongly disagree,1,0.014705882352941176,0.0026006835761068076,0.07870973128160871,68
Q7,QID45,"Practice: When implementing ERC-based smart contracts, I often rely on existing deployed contracts, widely used code templates as implementation guides, rather than reading all specifications manually from scratch to implement.",2,Somewhat disagree,6,0.08823529411764706,0.04106811531448934,0.17943769123145112,68
Q7,QID45,"Practice: When implementing ERC-based smart contracts, I often rely on existing deployed contracts, widely used code templates as implementation guides, rather than reading all specifications manually from scratch to implement.",3,Neither agree nor disagree,16,0.23529411764705882,0.15034491020295793,0.3485516797194324,68
Q7,QID45,"Practice: When implementing ERC-based smart contracts, I often rely on existing deployed contracts, widely used code templates as implementation guides, rather than reading all specifications manually from scratch to implement.",4,Somewhat agree,27,0.39705882352941174,0.28928700180280637,0.5158394498336787,68
Q7,QID45,"Practice: When implementing ERC-based smart contracts, I often rely on existing deployed contracts, widely used code templates as implementation guides, rather than reading all specifications manually from scratch to implement.",5,Strongly agree,18,0.2647058823529412,0.17449740669878908,0.38007733989889125,68
Q8,QID7,"When implementing ERC-based smart contracts, I explicitly verify that all mandatory standard dependencies are correctly implemented and semantically compatible. For example, ERC-721 and ERC-1155 rely on ERC-165 interface detection to support interoperability with wallets, marketplaces, and other contracts; therefore, missing or incorrect dependency implementation may cause compatibility failures or security-relevant integration errors.


Reference links :

https://eips.ethereum.org/EIPS/eip-1155,
https://eips.ethereum.org/EIPS/eip-721",1,Strongly disagree,0,0.0,0.0,0.05580153132285689,65
Q8,QID7,"When implementing ERC-based smart contracts, I explicitly verify that all mandatory standard dependencies are correctly implemented and semantically compatible. For example, ERC-721 and ERC-1155 rely on ERC-165 interface detection to support interoperability with wallets, marketplaces, and other contracts; therefore, missing or incorrect dependency implementation may cause compatibility failures or security-relevant integration errors.


Reference links :

https://eips.ethereum.org/EIPS/eip-1155,
https://eips.ethereum.org/EIPS/eip-721",2,Somewhat disagree,3,0.046153846153846156,0.015819840413512566,0.12713847263338832,65
Q8,QID7,"When implementing ERC-based smart contracts, I explicitly verify that all mandatory standard dependencies are correctly implemented and semantically compatible. For example, ERC-721 and ERC-1155 rely on ERC-165 interface detection to support interoperability with wallets, marketplaces, and other contracts; therefore, missing or incorrect dependency implementation may cause compatibility failures or security-relevant integration errors.


Reference links :

https://eips.ethereum.org/EIPS/eip-1155,
https://eips.ethereum.org/EIPS/eip-721",3,Neither agree nor disagree,11,0.16923076923076924,0.0972121812821161,0.2781642163622354,65
Q8,QID7,"When implementing ERC-based smart contracts, I explicitly verify that all mandatory standard dependencies are correctly implemented and semantically compatible. For example, ERC-721 and ERC-1155 rely on ERC-165 interface detection to support interoperability with wallets, marketplaces, and other contracts; therefore, missing or incorrect dependency implementation may cause compatibility failures or security-relevant integration errors.


Reference links :

https://eips.ethereum.org/EIPS/eip-1155,
https://eips.ethereum.org/EIPS/eip-721",4,Somewhat agree,29,0.4461538461538462,0.33169527476665517,0.5666218132219604,65
Q8,QID7,"When implementing ERC-based smart contracts, I explicitly verify that all mandatory standard dependencies are correctly implemented and semantically compatible. For example, ERC-721 and ERC-1155 rely on ERC-165 interface detection to support interoperability with wallets, marketplaces, and other contracts; therefore, missing or incorrect dependency implementation may cause compatibility failures or security-relevant integration errors.


Reference links :

https://eips.ethereum.org/EIPS/eip-1155,
https://eips.ethereum.org/EIPS/eip-721",5,Strongly agree,22,0.3384615384615385,0.2353350331209667,0.45961623084487946,65
Q9_1,QID10,"Dependency Impact: Correct implementation of EIP dependencies is essential for both interoperability and security. For example, ERC-2612 `permit` depends on EIP-712 domain-separated signing; incorrect construction of the signing domain can turn a compatibility issue into a replay or unauthorized-approval risk.",1,Strongly disagree,0,0.0,0.0,0.05580153132285689,65
Q9_1,QID10,"Dependency Impact: Correct implementation of EIP dependencies is essential for both interoperability and security. For example, ERC-2612 `permit` depends on EIP-712 domain-separated signing; incorrect construction of the signing domain can turn a compatibility issue into a replay or unauthorized-approval risk.",2,Somewhat disagree,0,0.0,0.0,0.05580153132285689,65
Q9_1,QID10,"Dependency Impact: Correct implementation of EIP dependencies is essential for both interoperability and security. For example, ERC-2612 `permit` depends on EIP-712 domain-separated signing; incorrect construction of the signing domain can turn a compatibility issue into a replay or unauthorized-approval risk.",3,Neither agree nor disagree,9,0.13846153846153847,0.07459090403153719,0.24268097246345166,65
Q9_1,QID10,"Dependency Impact: Correct implementation of EIP dependencies is essential for both interoperability and security. For example, ERC-2612 `permit` depends on EIP-712 domain-separated signing; incorrect construction of the signing domain can turn a compatibility issue into a replay or unauthorized-approval risk.",4,Somewhat agree,24,0.36923076923076925,0.2622939587407091,0.4907618263744998,65
Q9_1,QID10,"Dependency Impact: Correct implementation of EIP dependencies is essential for both interoperability and security. For example, ERC-2612 `permit` depends on EIP-712 domain-separated signing; incorrect construction of the signing domain can turn a compatibility issue into a replay or unauthorized-approval risk.",5,Strongly agree,32,0.49230769230769234,0.37463839458541426,0.6108354751272451,65
Q9_2(New)——-Q12(Old),QID11,How strongly do you agree or disagree : I often verify that all mandatory ERC dependencies are fully and correctly implemented before deployment.,1,Strongly disagree,4,0.11428571428571428,0.04535179333097357,0.2595146864621381,35
Q9_2(New)——-Q12(Old),QID11,How strongly do you agree or disagree : I often verify that all mandatory ERC dependencies are fully and correctly implemented before deployment.,2,Somewhat disagree,9,0.2571428571428571,0.14163027069060447,0.42069306843839166,35
Q9_2(New)——-Q12(Old),QID11,How strongly do you agree or disagree : I often verify that all mandatory ERC dependencies are fully and correctly implemented before deployment.,3,Neither agree nor disagree,9,0.2571428571428571,0.14163027069060447,0.42069306843839166,35
Q9_2(New)——-Q12(Old),QID11,How strongly do you agree or disagree : I often verify that all mandatory ERC dependencies are fully and correctly implemented before deployment.,4,Somewhat agree,9,0.2571428571428571,0.14163027069060447,0.42069306843839166,35
Q9_2(New)——-Q12(Old),QID11,How strongly do you agree or disagree : I often verify that all mandatory ERC dependencies are fully and correctly implemented before deployment.,5,Strongly agree,4,0.11428571428571428,0.04535179333097357,0.2595146864621381,35
Q9_3(New)—-Q9(Old),QID43,"Value of targeted function analysis :
Analysing specific targeted functions (e.g. batch transfers, approvals) for compliance and security is more valuable than running general vulnerability scans. Example being a targeted research for vulnerabilities on ""safeBatchTransferFrom"", ""setApprovalForAll"", etc...",1,Strongly disagree,0,0.0,0.0,0.09180986822558396,38
Q9_3(New)—-Q9(Old),QID43,"Value of targeted function analysis :
Analysing specific targeted functions (e.g. batch transfers, approvals) for compliance and security is more valuable than running general vulnerability scans. Example being a targeted research for vulnerabilities on ""safeBatchTransferFrom"", ""setApprovalForAll"", etc...",2,Somewhat disagree,1,0.02631578947368421,0.004660587685768783,0.1349487611595213,38
Q9_3(New)—-Q9(Old),QID43,"Value of targeted function analysis :
Analysing specific targeted functions (e.g. batch transfers, approvals) for compliance and security is more valuable than running general vulnerability scans. Example being a targeted research for vulnerabilities on ""safeBatchTransferFrom"", ""setApprovalForAll"", etc...",3,Neither agree nor disagree,12,0.3157894736842105,0.1908460367559618,0.4745575989060954,38
Q9_3(New)—-Q9(Old),QID43,"Value of targeted function analysis :
Analysing specific targeted functions (e.g. batch transfers, approvals) for compliance and security is more valuable than running general vulnerability scans. Example being a targeted research for vulnerabilities on ""safeBatchTransferFrom"", ""setApprovalForAll"", etc...",4,Somewhat agree,18,0.47368421052631576,0.32479023322526057,0.6274102861550331,38
Q9_3(New)—-Q9(Old),QID43,"Value of targeted function analysis :
Analysing specific targeted functions (e.g. batch transfers, approvals) for compliance and security is more valuable than running general vulnerability scans. Example being a targeted research for vulnerabilities on ""safeBatchTransferFrom"", ""setApprovalForAll"", etc...",5,Strongly agree,7,0.18421052631578946,0.09221765185221271,0.334188580711314,38
Q10,QID12,"I have intentionally implemented a partial ERC specification when certain functions, events, interfaces, or dependency requirements were unnecessary for my use case, after assessing that the deviation would not break interoperability or introduce security risks.",1,Strongly disagree,6,0.09230769230769231,0.042995089611340964,0.1871200051596039,65
Q10,QID12,"I have intentionally implemented a partial ERC specification when certain functions, events, interfaces, or dependency requirements were unnecessary for my use case, after assessing that the deviation would not break interoperability or introduce security risks.",2,Somewhat disagree,12,0.18461538461538463,0.1088887198826552,0.29553993833637765,65
Q10,QID12,"I have intentionally implemented a partial ERC specification when certain functions, events, interfaces, or dependency requirements were unnecessary for my use case, after assessing that the deviation would not break interoperability or introduce security risks.",3,Neither agree nor disagree,20,0.3076923076923077,0.20887031366921027,0.4279764291472733,65
Q10,QID12,"I have intentionally implemented a partial ERC specification when certain functions, events, interfaces, or dependency requirements were unnecessary for my use case, after assessing that the deviation would not break interoperability or introduce security risks.",4,Somewhat agree,22,0.3384615384615385,0.2353350331209667,0.45961623084487946,65
Q10,QID12,"I have intentionally implemented a partial ERC specification when certain functions, events, interfaces, or dependency requirements were unnecessary for my use case, after assessing that the deviation would not break interoperability or introduce security risks.",5,Strongly agree,5,0.07692307692307693,0.03330350149516352,0.1677593327011,65
Q11_1,QID48_1,"Dependency Management and Interoperability :
Please indicate your level of agreement with the following statements. - Dependency Discoverability: I find it easy to identify which ERC standards, interfaces, extensions, or EIPs my contract must support in order to remain compliant and interoperable.",1,Strongly disagree,1,0.015625,0.002763541923337505,0.08334101600094265,64
Q11_1,QID48_1,"Dependency Management and Interoperability :
Please indicate your level of agreement with the following statements. - Dependency Discoverability: I find it easy to identify which ERC standards, interfaces, extensions, or EIPs my contract must support in order to remain compliant and interoperable.",2,Somewhat disagree,14,0.21875,0.13502319406719474,0.3343278395662582,64
Q11_1,QID48_1,"Dependency Management and Interoperability :
Please indicate your level of agreement with the following statements. - Dependency Discoverability: I find it easy to identify which ERC standards, interfaces, extensions, or EIPs my contract must support in order to remain compliant and interoperable.",3,Neither agree nor disagree,16,0.25,0.16014926530970577,0.36816276458669694,64
Q11_1,QID48_1,"Dependency Management and Interoperability :
Please indicate your level of agreement with the following statements. - Dependency Discoverability: I find it easy to identify which ERC standards, interfaces, extensions, or EIPs my contract must support in order to remain compliant and interoperable.",4,Somewhat agree,26,0.40625,0.2945690924971961,0.5285479187139549,64
Q11_1,QID48_1,"Dependency Management and Interoperability :
Please indicate your level of agreement with the following statements. - Dependency Discoverability: I find it easy to identify which ERC standards, interfaces, extensions, or EIPs my contract must support in order to remain compliant and interoperable.",5,Strongly agree,7,0.109375,0.05400113344416797,0.20898641326896122,64
Q11_2,QID48_2,"Dependency Management and Interoperability :
Please indicate your level of agreement with the following statements. - Interoperability Failures: I have encountered interoperability issues due to missing ERC dependencies.",1,Strongly disagree,3,0.046875,0.016069016786292974,0.12899653740093686,64
Q11_2,QID48_2,"Dependency Management and Interoperability :
Please indicate your level of agreement with the following statements. - Interoperability Failures: I have encountered interoperability issues due to missing ERC dependencies.",2,Somewhat disagree,12,0.1875,0.11064643172948806,0.29974360564101526,64
Q11_2,QID48_2,"Dependency Management and Interoperability :
Please indicate your level of agreement with the following statements. - Interoperability Failures: I have encountered interoperability issues due to missing ERC dependencies.",3,Neither agree nor disagree,17,0.265625,0.17296379074222612,0.38482873728565137,64
Q11_2,QID48_2,"Dependency Management and Interoperability :
Please indicate your level of agreement with the following statements. - Interoperability Failures: I have encountered interoperability issues due to missing ERC dependencies.",4,Somewhat agree,21,0.328125,0.22570557904469185,0.45000894150908505,64
Q11_2,QID48_2,"Dependency Management and Interoperability :
Please indicate your level of agreement with the following statements. - Interoperability Failures: I have encountered interoperability issues due to missing ERC dependencies.",5,Strongly agree,11,0.171875,0.09877742301244645,0.282132116226582,64
Q11_3,QID48_3,"Dependency Management and Interoperability :
Please indicate your level of agreement with the following statements. - Multi-Chain Deployment: I have deployed or integrated ERC-based smart contracts across multiple EVM-compatible chains, where differences in chainId, infrastructure, or ecosystem assumptions can affect compatibility and security.",1,Strongly disagree,8,0.125,0.06472242663330453,0.22774561821129946,64
Q11_3,QID48_3,"Dependency Management and Interoperability :
Please indicate your level of agreement with the following statements. - Multi-Chain Deployment: I have deployed or integrated ERC-based smart contracts across multiple EVM-compatible chains, where differences in chainId, infrastructure, or ecosystem assumptions can affect compatibility and security.",2,Somewhat disagree,7,0.109375,0.05400113344416797,0.20898641326896122,64
Q11_3,QID48_3,"Dependency Management and Interoperability :
Please indicate your level of agreement with the following statements. - Multi-Chain Deployment: I have deployed or integrated ERC-based smart contracts across multiple EVM-compatible chains, where differences in chainId, infrastructure, or ecosystem assumptions can affect compatibility and security.",3,Neither agree nor disagree,11,0.171875,0.09877742301244645,0.282132116226582,64
Q11_3,QID48_3,"Dependency Management and Interoperability :
Please indicate your level of agreement with the following statements. - Multi-Chain Deployment: I have deployed or integrated ERC-based smart contracts across multiple EVM-compatible chains, where differences in chainId, infrastructure, or ecosystem assumptions can affect compatibility and security.",4,Somewhat agree,23,0.359375,0.25288402291451745,0.48179149390220904,64
Q11_3,QID48_3,"Dependency Management and Interoperability :
Please indicate your level of agreement with the following statements. - Multi-Chain Deployment: I have deployed or integrated ERC-based smart contracts across multiple EVM-compatible chains, where differences in chainId, infrastructure, or ecosystem assumptions can affect compatibility and security.",5,Strongly agree,15,0.234375,0.1474989559392414,0.35133257582568644,64
Q11_4(New)———Q14_4(Old),QID48_4,"Dependency Management and Interoperability : - The current tooling (specification documents, tools) adequately supports developers in ERC dependency management where dependencies are clearly organised with mandatory specifications.",1,Strongly disagree,3,0.08823529411764706,0.030465943674648555,0.22960486562808868,34
Q11_4(New)———Q14_4(Old),QID48_4,"Dependency Management and Interoperability : - The current tooling (specification documents, tools) adequately supports developers in ERC dependency management where dependencies are clearly organised with mandatory specifications.",2,Somewhat disagree,7,0.20588235294117646,0.10349526899031913,0.36798388051163594,34
Q11_4(New)———Q14_4(Old),QID48_4,"Dependency Management and Interoperability : - The current tooling (specification documents, tools) adequately supports developers in ERC dependency management where dependencies are clearly organised with mandatory specifications.",3,Neither agree nor disagree,13,0.38235294117647056,0.23900183324508897,0.549589826555693,34
Q11_4(New)———Q14_4(Old),QID48_4,"Dependency Management and Interoperability : - The current tooling (specification documents, tools) adequately supports developers in ERC dependency management where dependencies are clearly organised with mandatory specifications.",4,Somewhat agree,9,0.2647058823529412,0.14601190677211745,0.43117141282944665,34
Q11_4(New)———Q14_4(Old),QID48_4,"Dependency Management and Interoperability : - The current tooling (specification documents, tools) adequately supports developers in ERC dependency management where dependencies are clearly organised with mandatory specifications.",5,Strongly agree,2,0.058823529411764705,0.016282655210122746,0.19093606904280996,34
Q12_1,QID65_8,"Signature Construction Correctness:
Please rate your agreement with the following statements about signature-based authorisation in smart contracts, including ERC-20, ERC-712, ERC-2612 permit, ERC-1271, ERC-5267, and related mechanisms. - Specification Comprehension Gap: I find it difficult to determine from the EIP specifications alone whether a signature-based authorization implementation correctly handles ECDSA signatures, nonce usage, deadline checks, DOMAIN_SEPARATOR construction, and replay protection.",1,Strongly disagree,5,0.07462686567164178,0.03229604916632263,0.16309036792776987,67
Q12_1,QID65_8,"Signature Construction Correctness:
Please rate your agreement with the following statements about signature-based authorisation in smart contracts, including ERC-20, ERC-712, ERC-2612 permit, ERC-1271, ERC-5267, and related mechanisms. - Specification Comprehension Gap: I find it difficult to determine from the EIP specifications alone whether a signature-based authorization implementation correctly handles ECDSA signatures, nonce usage, deadline checks, DOMAIN_SEPARATOR construction, and replay protection.",2,Somewhat disagree,18,0.26865671641791045,0.17722204912469192,0.3851810899966566,67
Q12_1,QID65_8,"Signature Construction Correctness:
Please rate your agreement with the following statements about signature-based authorisation in smart contracts, including ERC-20, ERC-712, ERC-2612 permit, ERC-1271, ERC-5267, and related mechanisms. - Specification Comprehension Gap: I find it difficult to determine from the EIP specifications alone whether a signature-based authorization implementation correctly handles ECDSA signatures, nonce usage, deadline checks, DOMAIN_SEPARATOR construction, and replay protection.",3,Neither agree nor disagree,12,0.1791044776119403,0.10553591339881956,0.28747489247918,67
Q12_1,QID65_8,"Signature Construction Correctness:
Please rate your agreement with the following statements about signature-based authorisation in smart contracts, including ERC-20, ERC-712, ERC-2612 permit, ERC-1271, ERC-5267, and related mechanisms. - Specification Comprehension Gap: I find it difficult to determine from the EIP specifications alone whether a signature-based authorization implementation correctly handles ECDSA signatures, nonce usage, deadline checks, DOMAIN_SEPARATOR construction, and replay protection.",4,Somewhat agree,25,0.373134328358209,0.2671815998117198,0.49284592809353583,67
Q12_1,QID65_8,"Signature Construction Correctness:
Please rate your agreement with the following statements about signature-based authorisation in smart contracts, including ERC-20, ERC-712, ERC-2612 permit, ERC-1271, ERC-5267, and related mechanisms. - Specification Comprehension Gap: I find it difficult to determine from the EIP specifications alone whether a signature-based authorization implementation correctly handles ECDSA signatures, nonce usage, deadline checks, DOMAIN_SEPARATOR construction, and replay protection.",5,Strongly agree,7,0.1044776119402985,0.05153769768782859,0.20031283048738022,67
Q12_2,QID65_1,"Signature Construction Correctness:
Please rate your agreement with the following statements about signature-based authorisation in smart contracts, including ERC-20, ERC-712, ERC-2612 permit, ERC-1271, ERC-5267, and related mechanisms. - When constructing signature-based authorisation, I understand the complete flow from off-chain signature generation to on-chain verification and state update, including how permit, approve, transferFrom, and operator-based approvals interact.",1,Strongly disagree,0,0.0,0.0,0.14311661845042686,23
Q12_2,QID65_1,"Signature Construction Correctness:
Please rate your agreement with the following statements about signature-based authorisation in smart contracts, including ERC-20, ERC-712, ERC-2612 permit, ERC-1271, ERC-5267, and related mechanisms. - When constructing signature-based authorisation, I understand the complete flow from off-chain signature generation to on-chain verification and state update, including how permit, approve, transferFrom, and operator-based approvals interact.",2,Somewhat disagree,5,0.21739130434782608,0.09663978026586204,0.4190348301626401,23
Q12_2,QID65_1,"Signature Construction Correctness:
Please rate your agreement with the following statements about signature-based authorisation in smart contracts, including ERC-20, ERC-712, ERC-2612 permit, ERC-1271, ERC-5267, and related mechanisms. - When constructing signature-based authorisation, I understand the complete flow from off-chain signature generation to on-chain verification and state update, including how permit, approve, transferFrom, and operator-based approvals interact.",3,Neither agree nor disagree,0,0.0,0.0,0.14311661845042686,23
Q12_2,QID65_1,"Signature Construction Correctness:
Please rate your agreement with the following statements about signature-based authorisation in smart contracts, including ERC-20, ERC-712, ERC-2612 permit, ERC-1271, ERC-5267, and related mechanisms. - When constructing signature-based authorisation, I understand the complete flow from off-chain signature generation to on-chain verification and state update, including how permit, approve, transferFrom, and operator-based approvals interact.",4,Somewhat agree,8,0.34782608695652173,0.1881127593879773,0.55109664622737,23
Q12_2,QID65_1,"Signature Construction Correctness:
Please rate your agreement with the following statements about signature-based authorisation in smart contracts, including ERC-20, ERC-712, ERC-2612 permit, ERC-1271, ERC-5267, and related mechanisms. - When constructing signature-based authorisation, I understand the complete flow from off-chain signature generation to on-chain verification and state update, including how permit, approve, transferFrom, and operator-based approvals interact.",5,Strongly agree,10,0.43478260869565216,0.25634635325674215,0.6318862491498354,23
Q12_3,QID65_3,"Signature Construction Correctness:
Please rate your agreement with the following statements about signature-based authorisation in smart contracts, including ERC-20, ERC-712, ERC-2612 permit, ERC-1271, ERC-5267, and related mechanisms. - I understand ERC specifications of ERC-712 and how the ERC-712 DOMAIN_SEPARATOR binds a signature to a specific authorisation domain at the wallet side using fields such as contract name, version, chainId, verifyingContract, and optional salt.",1,Strongly disagree,1,0.043478260869565216,0.007716666143453149,0.20991155070258877,23
Q12_3,QID65_3,"Signature Construction Correctness:
Please rate your agreement with the following statements about signature-based authorisation in smart contracts, including ERC-20, ERC-712, ERC-2612 permit, ERC-1271, ERC-5267, and related mechanisms. - I understand ERC specifications of ERC-712 and how the ERC-712 DOMAIN_SEPARATOR binds a signature to a specific authorisation domain at the wallet side using fields such as contract name, version, chainId, verifyingContract, and optional salt.",2,Somewhat disagree,3,0.13043478260869565,0.04537659093631238,0.32127482270095964,23
Q12_3,QID65_3,"Signature Construction Correctness:
Please rate your agreement with the following statements about signature-based authorisation in smart contracts, including ERC-20, ERC-712, ERC-2612 permit, ERC-1271, ERC-5267, and related mechanisms. - I understand ERC specifications of ERC-712 and how the ERC-712 DOMAIN_SEPARATOR binds a signature to a specific authorisation domain at the wallet side using fields such as contract name, version, chainId, verifyingContract, and optional salt.",3,Neither agree nor disagree,5,0.21739130434782608,0.09663978026586204,0.4190348301626401,23
Q12_3,QID65_3,"Signature Construction Correctness:
Please rate your agreement with the following statements about signature-based authorisation in smart contracts, including ERC-20, ERC-712, ERC-2612 permit, ERC-1271, ERC-5267, and related mechanisms. - I understand ERC specifications of ERC-712 and how the ERC-712 DOMAIN_SEPARATOR binds a signature to a specific authorisation domain at the wallet side using fields such as contract name, version, chainId, verifyingContract, and optional salt.",4,Somewhat agree,5,0.21739130434782608,0.09663978026586204,0.4190348301626401,23
Q12_3,QID65_3,"Signature Construction Correctness:
Please rate your agreement with the following statements about signature-based authorisation in smart contracts, including ERC-20, ERC-712, ERC-2612 permit, ERC-1271, ERC-5267, and related mechanisms. - I understand ERC specifications of ERC-712 and how the ERC-712 DOMAIN_SEPARATOR binds a signature to a specific authorisation domain at the wallet side using fields such as contract name, version, chainId, verifyingContract, and optional salt.",5,Strongly agree,9,0.391304347826087,0.22157622792477952,0.592144776086183,23
Q12_4,QID65_5,"Signature Construction Correctness:
Please rate your agreement with the following statements about signature-based authorisation in smart contracts, including ERC-20, ERC-712, ERC-2612 permit, ERC-1271, ERC-5267, and related mechanisms. - When implementing ERC-2612 permit logic, I agree that it is hard or require special knowledge to understand that nonce, deadline, spender/operator, token scope, amount, and authorization target are correctly enforced to prevent replay or unintended reuse.",1,Strongly disagree,0,0.0,0.0,0.14311661845042686,23
Q12_4,QID65_5,"Signature Construction Correctness:
Please rate your agreement with the following statements about signature-based authorisation in smart contracts, including ERC-20, ERC-712, ERC-2612 permit, ERC-1271, ERC-5267, and related mechanisms. - When implementing ERC-2612 permit logic, I agree that it is hard or require special knowledge to understand that nonce, deadline, spender/operator, token scope, amount, and authorization target are correctly enforced to prevent replay or unintended reuse.",2,Somewhat disagree,5,0.21739130434782608,0.09663978026586204,0.4190348301626401,23
Q12_4,QID65_5,"Signature Construction Correctness:
Please rate your agreement with the following statements about signature-based authorisation in smart contracts, including ERC-20, ERC-712, ERC-2612 permit, ERC-1271, ERC-5267, and related mechanisms. - When implementing ERC-2612 permit logic, I agree that it is hard or require special knowledge to understand that nonce, deadline, spender/operator, token scope, amount, and authorization target are correctly enforced to prevent replay or unintended reuse.",3,Neither agree nor disagree,4,0.17391304347826086,0.06978653563062565,0.3713764764022614,23
Q12_4,QID65_5,"Signature Construction Correctness:
Please rate your agreement with the following statements about signature-based authorisation in smart contracts, including ERC-20, ERC-712, ERC-2612 permit, ERC-1271, ERC-5267, and related mechanisms. - When implementing ERC-2612 permit logic, I agree that it is hard or require special knowledge to understand that nonce, deadline, spender/operator, token scope, amount, and authorization target are correctly enforced to prevent replay or unintended reuse.",4,Somewhat agree,11,0.4782608695652174,0.29237157416646653,0.6703726266357259,23
Q12_4,QID65_5,"Signature Construction Correctness:
Please rate your agreement with the following statements about signature-based authorisation in smart contracts, including ERC-20, ERC-712, ERC-2612 permit, ERC-1271, ERC-5267, and related mechanisms. - When implementing ERC-2612 permit logic, I agree that it is hard or require special knowledge to understand that nonce, deadline, spender/operator, token scope, amount, and authorization target are correctly enforced to prevent replay or unintended reuse.",5,Strongly agree,3,0.13043478260869565,0.04537659093631238,0.32127482270095964,23
Q12_5,QID65_4,"Signature Construction Correctness:
Please rate your agreement with the following statements about signature-based authorisation in smart contracts, including ERC-20, ERC-712, ERC-2612 permit, ERC-1271, ERC-5267, and related mechanisms. - I understand that signatures or off-chain authorizations may become replayable across chains, contracts, versions, proxies, forks, or deployment contexts if the domain separator is missing, incomplete, stale, or incorrectly constructed.",1,Strongly disagree,1,0.043478260869565216,0.007716666143453149,0.20991155070258877,23
Q12_5,QID65_4,"Signature Construction Correctness:
Please rate your agreement with the following statements about signature-based authorisation in smart contracts, including ERC-20, ERC-712, ERC-2612 permit, ERC-1271, ERC-5267, and related mechanisms. - I understand that signatures or off-chain authorizations may become replayable across chains, contracts, versions, proxies, forks, or deployment contexts if the domain separator is missing, incomplete, stale, or incorrectly constructed.",2,Somewhat disagree,2,0.08695652173913043,0.024180004484220363,0.26795981075743663,23
Q12_5,QID65_4,"Signature Construction Correctness:
Please rate your agreement with the following statements about signature-based authorisation in smart contracts, including ERC-20, ERC-712, ERC-2612 permit, ERC-1271, ERC-5267, and related mechanisms. - I understand that signatures or off-chain authorizations may become replayable across chains, contracts, versions, proxies, forks, or deployment contexts if the domain separator is missing, incomplete, stale, or incorrectly constructed.",3,Neither agree nor disagree,1,0.043478260869565216,0.007716666143453149,0.20991155070258877,23
Q12_5,QID65_4,"Signature Construction Correctness:
Please rate your agreement with the following statements about signature-based authorisation in smart contracts, including ERC-20, ERC-712, ERC-2612 permit, ERC-1271, ERC-5267, and related mechanisms. - I understand that signatures or off-chain authorizations may become replayable across chains, contracts, versions, proxies, forks, or deployment contexts if the domain separator is missing, incomplete, stale, or incorrectly constructed.",4,Somewhat agree,11,0.4782608695652174,0.29237157416646653,0.6703726266357259,23
Q12_5,QID65_4,"Signature Construction Correctness:
Please rate your agreement with the following statements about signature-based authorisation in smart contracts, including ERC-20, ERC-712, ERC-2612 permit, ERC-1271, ERC-5267, and related mechanisms. - I understand that signatures or off-chain authorizations may become replayable across chains, contracts, versions, proxies, forks, or deployment contexts if the domain separator is missing, incomplete, stale, or incorrectly constructed.",5,Strongly agree,8,0.34782608695652173,0.1881127593879773,0.55109664622737,23
Q12_6,QID65_6,"Signature Construction Correctness:
Please rate your agreement with the following statements about signature-based authorisation in smart contracts, including ERC-20, ERC-712, ERC-2612 permit, ERC-1271, ERC-5267, and related mechanisms. - Replay Risk: I know the risks involved with cached stored domain separators, incorrect chainId and verifyingContract and its impact will lead to cross-chain and contract replay attacks and loss of money.",1,Strongly disagree,1,0.043478260869565216,0.007716666143453149,0.20991155070258877,23
Q12_6,QID65_6,"Signature Construction Correctness:
Please rate your agreement with the following statements about signature-based authorisation in smart contracts, including ERC-20, ERC-712, ERC-2612 permit, ERC-1271, ERC-5267, and related mechanisms. - Replay Risk: I know the risks involved with cached stored domain separators, incorrect chainId and verifyingContract and its impact will lead to cross-chain and contract replay attacks and loss of money.",2,Somewhat disagree,4,0.17391304347826086,0.06978653563062565,0.3713764764022614,23
Q12_6,QID65_6,"Signature Construction Correctness:
Please rate your agreement with the following statements about signature-based authorisation in smart contracts, including ERC-20, ERC-712, ERC-2612 permit, ERC-1271, ERC-5267, and related mechanisms. - Replay Risk: I know the risks involved with cached stored domain separators, incorrect chainId and verifyingContract and its impact will lead to cross-chain and contract replay attacks and loss of money.",3,Neither agree nor disagree,1,0.043478260869565216,0.007716666143453149,0.20991155070258877,23
Q12_6,QID65_6,"Signature Construction Correctness:
Please rate your agreement with the following statements about signature-based authorisation in smart contracts, including ERC-20, ERC-712, ERC-2612 permit, ERC-1271, ERC-5267, and related mechanisms. - Replay Risk: I know the risks involved with cached stored domain separators, incorrect chainId and verifyingContract and its impact will lead to cross-chain and contract replay attacks and loss of money.",4,Somewhat agree,7,0.30434782608695654,0.15604024453214022,0.508657562687592,23
Q12_6,QID65_6,"Signature Construction Correctness:
Please rate your agreement with the following statements about signature-based authorisation in smart contracts, including ERC-20, ERC-712, ERC-2612 permit, ERC-1271, ERC-5267, and related mechanisms. - Replay Risk: I know the risks involved with cached stored domain separators, incorrect chainId and verifyingContract and its impact will lead to cross-chain and contract replay attacks and loss of money.",5,Strongly agree,10,0.43478260869565216,0.25634635325674215,0.6318862491498354,23
Q12_7,QID65_2,"Signature Construction Correctness:
Please rate your agreement with the following statements about signature-based authorisation in smart contracts, including ERC-20, ERC-712, ERC-2612 permit, ERC-1271, ERC-5267, and related mechanisms. - I often consider how wallets, marketplaces, bridges, relayers, and other external protocols interpret the signed message, displayed signing fields, approval scope, and resulting authorisation effect.",1,Strongly disagree,1,0.043478260869565216,0.007716666143453149,0.20991155070258877,23
Q12_7,QID65_2,"Signature Construction Correctness:
Please rate your agreement with the following statements about signature-based authorisation in smart contracts, including ERC-20, ERC-712, ERC-2612 permit, ERC-1271, ERC-5267, and related mechanisms. - I often consider how wallets, marketplaces, bridges, relayers, and other external protocols interpret the signed message, displayed signing fields, approval scope, and resulting authorisation effect.",2,Somewhat disagree,2,0.08695652173913043,0.024180004484220363,0.26795981075743663,23
Q12_7,QID65_2,"Signature Construction Correctness:
Please rate your agreement with the following statements about signature-based authorisation in smart contracts, including ERC-20, ERC-712, ERC-2612 permit, ERC-1271, ERC-5267, and related mechanisms. - I often consider how wallets, marketplaces, bridges, relayers, and other external protocols interpret the signed message, displayed signing fields, approval scope, and resulting authorisation effect.",3,Neither agree nor disagree,2,0.08695652173913043,0.024180004484220363,0.26795981075743663,23
Q12_7,QID65_2,"Signature Construction Correctness:
Please rate your agreement with the following statements about signature-based authorisation in smart contracts, including ERC-20, ERC-712, ERC-2612 permit, ERC-1271, ERC-5267, and related mechanisms. - I often consider how wallets, marketplaces, bridges, relayers, and other external protocols interpret the signed message, displayed signing fields, approval scope, and resulting authorisation effect.",4,Somewhat agree,7,0.30434782608695654,0.15604024453214022,0.508657562687592,23
Q12_7,QID65_2,"Signature Construction Correctness:
Please rate your agreement with the following statements about signature-based authorisation in smart contracts, including ERC-20, ERC-712, ERC-2612 permit, ERC-1271, ERC-5267, and related mechanisms. - I often consider how wallets, marketplaces, bridges, relayers, and other external protocols interpret the signed message, displayed signing fields, approval scope, and resulting authorisation effect.",5,Strongly agree,11,0.4782608695652174,0.29237157416646653,0.6703726266357259,23
Q12_8,QID65_7,"Signature Construction Correctness:
Please rate your agreement with the following statements about signature-based authorisation in smart contracts, including ERC-20, ERC-712, ERC-2612 permit, ERC-1271, ERC-5267, and related mechanisms. - Mitigation: I would benefit from automated tools or audit checklists that specifically verify signature construction correctness, including domain separator fields, nonce/deadline handling, wallet interpretation, proxy behaviour, and replay resistance.",1,Strongly disagree,1,0.043478260869565216,0.007716666143453149,0.20991155070258877,23
Q12_8,QID65_7,"Signature Construction Correctness:
Please rate your agreement with the following statements about signature-based authorisation in smart contracts, including ERC-20, ERC-712, ERC-2612 permit, ERC-1271, ERC-5267, and related mechanisms. - Mitigation: I would benefit from automated tools or audit checklists that specifically verify signature construction correctness, including domain separator fields, nonce/deadline handling, wallet interpretation, proxy behaviour, and replay resistance.",2,Somewhat disagree,2,0.08695652173913043,0.024180004484220363,0.26795981075743663,23
Q12_8,QID65_7,"Signature Construction Correctness:
Please rate your agreement with the following statements about signature-based authorisation in smart contracts, including ERC-20, ERC-712, ERC-2612 permit, ERC-1271, ERC-5267, and related mechanisms. - Mitigation: I would benefit from automated tools or audit checklists that specifically verify signature construction correctness, including domain separator fields, nonce/deadline handling, wallet interpretation, proxy behaviour, and replay resistance.",3,Neither agree nor disagree,2,0.08695652173913043,0.024180004484220363,0.26795981075743663,23
Q12_8,QID65_7,"Signature Construction Correctness:
Please rate your agreement with the following statements about signature-based authorisation in smart contracts, including ERC-20, ERC-712, ERC-2612 permit, ERC-1271, ERC-5267, and related mechanisms. - Mitigation: I would benefit from automated tools or audit checklists that specifically verify signature construction correctness, including domain separator fields, nonce/deadline handling, wallet interpretation, proxy behaviour, and replay resistance.",4,Somewhat agree,6,0.2608695652173913,0.12548616044986347,0.4647000483742537,23
Q12_8,QID65_7,"Signature Construction Correctness:
Please rate your agreement with the following statements about signature-based authorisation in smart contracts, including ERC-20, ERC-712, ERC-2612 permit, ERC-1271, ERC-5267, and related mechanisms. - Mitigation: I would benefit from automated tools or audit checklists that specifically verify signature construction correctness, including domain separator fields, nonce/deadline handling, wallet interpretation, proxy behaviour, and replay resistance.",5,Strongly agree,12,0.5217391304347826,0.32962737336427406,0.7076284258335335,23
Q13_1,QID30_2,"ERC Specifications and Security Considerations : - Security vs Gas Optimisation: When implementing ERC standards, I prioritise specification correctness and security-preserving behaviour over gas optimisation when these goals conflict.",1,Strongly disagree,3,0.04838709677419355,0.016591685850580726,0.1328803792732396,62
Q13_1,QID30_2,"ERC Specifications and Security Considerations : - Security vs Gas Optimisation: When implementing ERC standards, I prioritise specification correctness and security-preserving behaviour over gas optimisation when these goals conflict.",2,Somewhat disagree,6,0.0967741935483871,0.045111872023193916,0.19548818612307423,62
Q13_1,QID30_2,"ERC Specifications and Security Considerations : - Security vs Gas Optimisation: When implementing ERC standards, I prioritise specification correctness and security-preserving behaviour over gas optimisation when these goals conflict.",3,Neither agree nor disagree,14,0.22580645161290322,0.13955183038588276,0.34405620915357954,62
Q13_1,QID30_2,"ERC Specifications and Security Considerations : - Security vs Gas Optimisation: When implementing ERC standards, I prioritise specification correctness and security-preserving behaviour over gas optimisation when these goals conflict.",4,Somewhat agree,20,0.3225806451612903,0.21954490651283892,0.44631911907151905,62
Q13_1,QID30_2,"ERC Specifications and Security Considerations : - Security vs Gas Optimisation: When implementing ERC standards, I prioritise specification correctness and security-preserving behaviour over gas optimisation when these goals conflict.",5,Strongly agree,19,0.3064516129032258,0.20581586585634157,0.42967216205386716,62
Q13_2,QID30_4,"ERC Specifications and Security Considerations : - Incorrect Standard Implementation: I have encountered, audited, or fixed security vulnerabilities caused by incorrect, incomplete, or inconsistent implementation of ERC standard requirements.",1,Strongly disagree,6,0.0967741935483871,0.045111872023193916,0.19548818612307423,62
Q13_2,QID30_4,"ERC Specifications and Security Considerations : - Incorrect Standard Implementation: I have encountered, audited, or fixed security vulnerabilities caused by incorrect, incomplete, or inconsistent implementation of ERC standard requirements.",2,Somewhat disagree,10,0.16129032258064516,0.09004068870309086,0.2720633601397744,62
Q13_2,QID30_4,"ERC Specifications and Security Considerations : - Incorrect Standard Implementation: I have encountered, audited, or fixed security vulnerabilities caused by incorrect, incomplete, or inconsistent implementation of ERC standard requirements.",3,Neither agree nor disagree,19,0.3064516129032258,0.20581586585634157,0.42967216205386716,62
Q13_2,QID30_4,"ERC Specifications and Security Considerations : - Incorrect Standard Implementation: I have encountered, audited, or fixed security vulnerabilities caused by incorrect, incomplete, or inconsistent implementation of ERC standard requirements.",4,Somewhat agree,15,0.24193548387096775,0.15245896205333753,0.3615250751602741,62
Q13_2,QID30_4,"ERC Specifications and Security Considerations : - Incorrect Standard Implementation: I have encountered, audited, or fixed security vulnerabilities caused by incorrect, incomplete, or inconsistent implementation of ERC standard requirements.",5,Strongly agree,12,0.1935483870967742,0.11433808240290248,0.3085179617882613,62
Q13_3,QID49,"ERC Specifications and Security Considerations : - Batch Transfer Risk: ERC-1155 batch-transfer functions such as safeBatchTransferFrom introduce amplified risk because a single incorrectly implemented call may affect multiple token IDs, balances, receiver checks, and state updates within one transaction.",1,Strongly disagree,1,0.016129032258064516,0.002852867168621827,0.08586720260689992,62
Q13_3,QID49,"ERC Specifications and Security Considerations : - Batch Transfer Risk: ERC-1155 batch-transfer functions such as safeBatchTransferFrom introduce amplified risk because a single incorrectly implemented call may affect multiple token IDs, balances, receiver checks, and state updates within one transaction.",2,Somewhat disagree,10,0.16129032258064516,0.09004068870309086,0.2720633601397744,62
Q13_3,QID49,"ERC Specifications and Security Considerations : - Batch Transfer Risk: ERC-1155 batch-transfer functions such as safeBatchTransferFrom introduce amplified risk because a single incorrectly implemented call may affect multiple token IDs, balances, receiver checks, and state updates within one transaction.",3,Neither agree nor disagree,21,0.3387096774193548,0.23341701875208906,0.4628230045064181,62
Q13_3,QID49,"ERC Specifications and Security Considerations : - Batch Transfer Risk: ERC-1155 batch-transfer functions such as safeBatchTransferFrom introduce amplified risk because a single incorrectly implemented call may affect multiple token IDs, balances, receiver checks, and state updates within one transaction.",4,Somewhat agree,18,0.2903225806451613,0.1922355728861953,0.4128764573498641,62
Q13_3,QID49,"ERC Specifications and Security Considerations : - Batch Transfer Risk: ERC-1155 batch-transfer functions such as safeBatchTransferFrom introduce amplified risk because a single incorrectly implemented call may affect multiple token IDs, balances, receiver checks, and state updates within one transaction.",5,Strongly agree,12,0.1935483870967742,0.11433808240290248,0.3085179617882613,62
Q13_4(New),QID30_1,Security Considerations : - I am aware of security pitfalls specific to each ERC standard I implement,1,Strongly disagree,2,0.058823529411764705,0.016282655210122746,0.19093606904280996,34
Q13_4(New),QID30_1,Security Considerations : - I am aware of security pitfalls specific to each ERC standard I implement,2,Somewhat disagree,8,0.23529411764705882,0.12436985532639575,0.3999613792253638,34
Q13_4(New),QID30_1,Security Considerations : - I am aware of security pitfalls specific to each ERC standard I implement,3,Neither agree nor disagree,12,0.35294117647058826,0.21487920594879492,0.5208603688021826,34
Q13_4(New),QID30_1,Security Considerations : - I am aware of security pitfalls specific to each ERC standard I implement,4,Somewhat agree,9,0.2647058823529412,0.14601190677211745,0.43117141282944665,34
Q13_4(New),QID30_1,Security Considerations : - I am aware of security pitfalls specific to each ERC standard I implement,5,Strongly agree,3,0.08823529411764706,0.030465943674648555,0.22960486562808868,34
Q13_5(New),QID30_3,Security Considerations : - I use specific security tools for ERC standard compliance checking,1,Strongly disagree,3,0.08823529411764706,0.030465943674648555,0.22960486562808868,34
Q13_5(New),QID30_3,Security Considerations : - I use specific security tools for ERC standard compliance checking,2,Somewhat disagree,4,0.11764705882352941,0.04671446664882335,0.26620842770371833,34
Q13_5(New),QID30_3,Security Considerations : - I use specific security tools for ERC standard compliance checking,3,Neither agree nor disagree,11,0.3235294117647059,0.1913164356402551,0.49157105406091794,34
Q13_5(New),QID30_3,Security Considerations : - I use specific security tools for ERC standard compliance checking,4,Somewhat agree,13,0.38235294117647056,0.23900183324508897,0.549589826555693,34
Q13_5(New),QID30_3,Security Considerations : - I use specific security tools for ERC standard compliance checking,5,Strongly agree,3,0.08823529411764706,0.030465943674648555,0.22960486562808868,34
Q14_1,QID51,"Delegated Authorisation and Approval Propagation: Please indicate how much you agree or disagree:

When an owner grants approval to a spender or operator through mechanisms such as ERC-20 approve, ERC-2612 permit, or ERC-721/ERC-1155 setApprovalForAll, and this ""operator"" continues to provide further approvals to other operators with or without owners knowledge, do you agree that these delegated approvals authentic and valid cases?",1,Strongly disagree,9,0.14285714285714285,0.07701948334720692,0.24974565921625858,63
Q14_1,QID51,"Delegated Authorisation and Approval Propagation: Please indicate how much you agree or disagree:

When an owner grants approval to a spender or operator through mechanisms such as ERC-20 approve, ERC-2612 permit, or ERC-721/ERC-1155 setApprovalForAll, and this ""operator"" continues to provide further approvals to other operators with or without owners knowledge, do you agree that these delegated approvals authentic and valid cases?",2,Somewhat disagree,15,0.23809523809523808,0.14993783678290606,0.35635660109696865,63
Q14_1,QID51,"Delegated Authorisation and Approval Propagation: Please indicate how much you agree or disagree:

When an owner grants approval to a spender or operator through mechanisms such as ERC-20 approve, ERC-2612 permit, or ERC-721/ERC-1155 setApprovalForAll, and this ""operator"" continues to provide further approvals to other operators with or without owners knowledge, do you agree that these delegated approvals authentic and valid cases?",3,Neither agree nor disagree,23,0.36507936507936506,0.25715392865036535,0.4885129029847216,63
Q14_1,QID51,"Delegated Authorisation and Approval Propagation: Please indicate how much you agree or disagree:

When an owner grants approval to a spender or operator through mechanisms such as ERC-20 approve, ERC-2612 permit, or ERC-721/ERC-1155 setApprovalForAll, and this ""operator"" continues to provide further approvals to other operators with or without owners knowledge, do you agree that these delegated approvals authentic and valid cases?",4,Somewhat agree,14,0.2222222222222222,0.13725007752613644,0.3391228111343367,63
Q14_1,QID51,"Delegated Authorisation and Approval Propagation: Please indicate how much you agree or disagree:

When an owner grants approval to a spender or operator through mechanisms such as ERC-20 approve, ERC-2612 permit, or ERC-721/ERC-1155 setApprovalForAll, and this ""operator"" continues to provide further approvals to other operators with or without owners knowledge, do you agree that these delegated approvals authentic and valid cases?",5,Strongly agree,2,0.031746031746031744,0.008749527561580449,0.10856477046607432,63
Q14_2(New)———Q17(Old),QID52,"Please indicate how much you agree or disagree with the following statements regarding the ""setApprovalForAll"" (used in ERC-721, ERC-1155) function and its associated security risks.


I agree that with the specific phishing risks associated with setApprovalForAll, where a malicious actor (unauthorised operator) can trick a user into signing an order that exploits their existing, broad approval",1,Strongly disagree,0,0.0,6.938893903907228e-18,0.09890099232440402,35
Q14_2(New)———Q17(Old),QID52,"Please indicate how much you agree or disagree with the following statements regarding the ""setApprovalForAll"" (used in ERC-721, ERC-1155) function and its associated security risks.


I agree that with the specific phishing risks associated with setApprovalForAll, where a malicious actor (unauthorised operator) can trick a user into signing an order that exploits their existing, broad approval",2,Somewhat disagree,2,0.05714285714285714,0.015813161857108654,0.1860705742016492,35
Q14_2(New)———Q17(Old),QID52,"Please indicate how much you agree or disagree with the following statements regarding the ""setApprovalForAll"" (used in ERC-721, ERC-1155) function and its associated security risks.


I agree that with the specific phishing risks associated with setApprovalForAll, where a malicious actor (unauthorised operator) can trick a user into signing an order that exploits their existing, broad approval",3,Neither agree nor disagree,12,0.34285714285714286,0.20831694987048957,0.5084805048600374,35
Q14_2(New)———Q17(Old),QID52,"Please indicate how much you agree or disagree with the following statements regarding the ""setApprovalForAll"" (used in ERC-721, ERC-1155) function and its associated security risks.


I agree that with the specific phishing risks associated with setApprovalForAll, where a malicious actor (unauthorised operator) can trick a user into signing an order that exploits their existing, broad approval",4,Somewhat agree,11,0.3142857142857143,0.18550844674265818,0.4797976361206918,35
Q14_2(New)———Q17(Old),QID52,"Please indicate how much you agree or disagree with the following statements regarding the ""setApprovalForAll"" (used in ERC-721, ERC-1155) function and its associated security risks.


I agree that with the specific phishing risks associated with setApprovalForAll, where a malicious actor (unauthorised operator) can trick a user into signing an order that exploits their existing, broad approval",5,Strongly agree,10,0.2857142857142857,0.16326536236434688,0.45054934863182616,35
Q15_1,QID69_1,"Please indicate your level of agreement with the following statements about approval-based authorisation mechanisms, including ERC-20 `approve`/`transferFrom`, ERC-2612 `permit`, and ERC-721/ERC-1155 `setApprovalForAll`, and their associated security risks. - Gravity of Risk: I believe the security risks posed by approvals are a critical not just a theoretical or edge-case problem. Approval-based mechanisms can expose users to phishing or misleading authorisation risks when permissions are broad, persistent with no deadline, poorly scoped, or difficult for wallets to display clearly.",1,Strongly disagree,2,0.03225806451612903,0.008891371499816635,0.11020469594985441,62
Q15_1,QID69_1,"Please indicate your level of agreement with the following statements about approval-based authorisation mechanisms, including ERC-20 `approve`/`transferFrom`, ERC-2612 `permit`, and ERC-721/ERC-1155 `setApprovalForAll`, and their associated security risks. - Gravity of Risk: I believe the security risks posed by approvals are a critical not just a theoretical or edge-case problem. Approval-based mechanisms can expose users to phishing or misleading authorisation risks when permissions are broad, persistent with no deadline, poorly scoped, or difficult for wallets to display clearly.",2,Somewhat disagree,5,0.08064516129032258,0.03493834698599271,0.17528571348612612,62
Q15_1,QID69_1,"Please indicate your level of agreement with the following statements about approval-based authorisation mechanisms, including ERC-20 `approve`/`transferFrom`, ERC-2612 `permit`, and ERC-721/ERC-1155 `setApprovalForAll`, and their associated security risks. - Gravity of Risk: I believe the security risks posed by approvals are a critical not just a theoretical or edge-case problem. Approval-based mechanisms can expose users to phishing or misleading authorisation risks when permissions are broad, persistent with no deadline, poorly scoped, or difficult for wallets to display clearly.",3,Neither agree nor disagree,10,0.16129032258064516,0.09004068870309086,0.2720633601397744,62
Q15_1,QID69_1,"Please indicate your level of agreement with the following statements about approval-based authorisation mechanisms, including ERC-20 `approve`/`transferFrom`, ERC-2612 `permit`, and ERC-721/ERC-1155 `setApprovalForAll`, and their associated security risks. - Gravity of Risk: I believe the security risks posed by approvals are a critical not just a theoretical or edge-case problem. Approval-based mechanisms can expose users to phishing or misleading authorisation risks when permissions are broad, persistent with no deadline, poorly scoped, or difficult for wallets to display clearly.",4,Somewhat agree,26,0.41935483870967744,0.3047758590777194,0.5433441525515342,62
Q15_1,QID69_1,"Please indicate your level of agreement with the following statements about approval-based authorisation mechanisms, including ERC-20 `approve`/`transferFrom`, ERC-2612 `permit`, and ERC-721/ERC-1155 `setApprovalForAll`, and their associated security risks. - Gravity of Risk: I believe the security risks posed by approvals are a critical not just a theoretical or edge-case problem. Approval-based mechanisms can expose users to phishing or misleading authorisation risks when permissions are broad, persistent with no deadline, poorly scoped, or difficult for wallets to display clearly.",5,Strongly agree,19,0.3064516129032258,0.20581586585634157,0.42967216205386716,62
Q15_2,QID69_2,"Please indicate your level of agreement with the following statements about approval-based authorisation mechanisms, including ERC-20 `approve`/`transferFrom`, ERC-2612 `permit`, and ERC-721/ERC-1155 `setApprovalForAll`, and their associated security risks. - Protocol-Level Problem: I consider the current approval implementation to be a fundamental misunderstanding risk in the ERC-20/721/1155 standards that should be addressed at the protocol level, not just through user education.",1,Strongly disagree,1,0.015873015873015872,0.002807494213869277,0.08458525459438397,63
Q15_2,QID69_2,"Please indicate your level of agreement with the following statements about approval-based authorisation mechanisms, including ERC-20 `approve`/`transferFrom`, ERC-2612 `permit`, and ERC-721/ERC-1155 `setApprovalForAll`, and their associated security risks. - Protocol-Level Problem: I consider the current approval implementation to be a fundamental misunderstanding risk in the ERC-20/721/1155 standards that should be addressed at the protocol level, not just through user education.",2,Somewhat disagree,6,0.09523809523809523,0.04438348427689201,0.19261701062836892,63
Q15_2,QID69_2,"Please indicate your level of agreement with the following statements about approval-based authorisation mechanisms, including ERC-20 `approve`/`transferFrom`, ERC-2612 `permit`, and ERC-721/ERC-1155 `setApprovalForAll`, and their associated security risks. - Protocol-Level Problem: I consider the current approval implementation to be a fundamental misunderstanding risk in the ERC-20/721/1155 standards that should be addressed at the protocol level, not just through user education.",3,Neither agree nor disagree,22,0.3492063492063492,0.24325989015230323,0.47248539226338215,63
Q15_2,QID69_2,"Please indicate your level of agreement with the following statements about approval-based authorisation mechanisms, including ERC-20 `approve`/`transferFrom`, ERC-2612 `permit`, and ERC-721/ERC-1155 `setApprovalForAll`, and their associated security risks. - Protocol-Level Problem: I consider the current approval implementation to be a fundamental misunderstanding risk in the ERC-20/721/1155 standards that should be addressed at the protocol level, not just through user education.",4,Somewhat agree,21,0.3333333333333333,0.2294961446460398,0.4563275885502441,63
Q15_2,QID69_2,"Please indicate your level of agreement with the following statements about approval-based authorisation mechanisms, including ERC-20 `approve`/`transferFrom`, ERC-2612 `permit`, and ERC-721/ERC-1155 `setApprovalForAll`, and their associated security risks. - Protocol-Level Problem: I consider the current approval implementation to be a fundamental misunderstanding risk in the ERC-20/721/1155 standards that should be addressed at the protocol level, not just through user education.",5,Strongly agree,13,0.20634920634920634,0.1247531961549383,0.3216981432861334,63
Q15_3,QID69_3,"Please indicate your level of agreement with the following statements about approval-based authorisation mechanisms, including ERC-20 `approve`/`transferFrom`, ERC-2612 `permit`, and ERC-721/ERC-1155 `setApprovalForAll`, and their associated security risks. - Mitigation - Time-Bound Approvals: Implementing an expiry mechanism for operator approvals (e.g., approveForAll(operator, expiryTimestamp)) would be a highly effective way to mitigate these risks.",1,Strongly disagree,0,0.0,3.469446951953614e-18,0.05747119958885172,63
Q15_3,QID69_3,"Please indicate your level of agreement with the following statements about approval-based authorisation mechanisms, including ERC-20 `approve`/`transferFrom`, ERC-2612 `permit`, and ERC-721/ERC-1155 `setApprovalForAll`, and their associated security risks. - Mitigation - Time-Bound Approvals: Implementing an expiry mechanism for operator approvals (e.g., approveForAll(operator, expiryTimestamp)) would be a highly effective way to mitigate these risks.",2,Somewhat disagree,1,0.015873015873015872,0.002807494213869277,0.08458525459438397,63
Q15_3,QID69_3,"Please indicate your level of agreement with the following statements about approval-based authorisation mechanisms, including ERC-20 `approve`/`transferFrom`, ERC-2612 `permit`, and ERC-721/ERC-1155 `setApprovalForAll`, and their associated security risks. - Mitigation - Time-Bound Approvals: Implementing an expiry mechanism for operator approvals (e.g., approveForAll(operator, expiryTimestamp)) would be a highly effective way to mitigate these risks.",3,Neither agree nor disagree,24,0.38095238095238093,0.2711746846567971,0.5044136961976913,63
Q15_3,QID69_3,"Please indicate your level of agreement with the following statements about approval-based authorisation mechanisms, including ERC-20 `approve`/`transferFrom`, ERC-2612 `permit`, and ERC-721/ERC-1155 `setApprovalForAll`, and their associated security risks. - Mitigation - Time-Bound Approvals: Implementing an expiry mechanism for operator approvals (e.g., approveForAll(operator, expiryTimestamp)) would be a highly effective way to mitigate these risks.",4,Somewhat agree,17,0.2698412698412698,0.17583844412315988,0.39029909219551784,63
Q15_3,QID69_3,"Please indicate your level of agreement with the following statements about approval-based authorisation mechanisms, including ERC-20 `approve`/`transferFrom`, ERC-2612 `permit`, and ERC-721/ERC-1155 `setApprovalForAll`, and their associated security risks. - Mitigation - Time-Bound Approvals: Implementing an expiry mechanism for operator approvals (e.g., approveForAll(operator, expiryTimestamp)) would be a highly effective way to mitigate these risks.",5,Strongly agree,21,0.3333333333333333,0.2294961446460398,0.4563275885502441,63
Q15_4,QID69_4,"Please indicate your level of agreement with the following statements about approval-based authorisation mechanisms, including ERC-20 `approve`/`transferFrom`, ERC-2612 `permit`, and ERC-721/ERC-1155 `setApprovalForAll`, and their associated security risks. - Developer Responsibility: Smart contract developers building marketplaces or wallets have a responsibility to implement safeguards (e.g., clear warnings, default expiries) to protect users from this vulnerability.",1,Strongly disagree,1,0.015873015873015872,0.002807494213869277,0.08458525459438397,63
Q15_4,QID69_4,"Please indicate your level of agreement with the following statements about approval-based authorisation mechanisms, including ERC-20 `approve`/`transferFrom`, ERC-2612 `permit`, and ERC-721/ERC-1155 `setApprovalForAll`, and their associated security risks. - Developer Responsibility: Smart contract developers building marketplaces or wallets have a responsibility to implement safeguards (e.g., clear warnings, default expiries) to protect users from this vulnerability.",2,Somewhat disagree,2,0.031746031746031744,0.008749527561580449,0.10856477046607432,63
Q15_4,QID69_4,"Please indicate your level of agreement with the following statements about approval-based authorisation mechanisms, including ERC-20 `approve`/`transferFrom`, ERC-2612 `permit`, and ERC-721/ERC-1155 `setApprovalForAll`, and their associated security risks. - Developer Responsibility: Smart contract developers building marketplaces or wallets have a responsibility to implement safeguards (e.g., clear warnings, default expiries) to protect users from this vulnerability.",3,Neither agree nor disagree,18,0.2857142857142857,0.18903191986400805,0.40702716567407127,63
Q15_4,QID69_4,"Please indicate your level of agreement with the following statements about approval-based authorisation mechanisms, including ERC-20 `approve`/`transferFrom`, ERC-2612 `permit`, and ERC-721/ERC-1155 `setApprovalForAll`, and their associated security risks. - Developer Responsibility: Smart contract developers building marketplaces or wallets have a responsibility to implement safeguards (e.g., clear warnings, default expiries) to protect users from this vulnerability.",4,Somewhat agree,12,0.19047619047619047,0.11246191872292466,0.3040678714987455,63
Q15_4,QID69_4,"Please indicate your level of agreement with the following statements about approval-based authorisation mechanisms, including ERC-20 `approve`/`transferFrom`, ERC-2612 `permit`, and ERC-721/ERC-1155 `setApprovalForAll`, and their associated security risks. - Developer Responsibility: Smart contract developers building marketplaces or wallets have a responsibility to implement safeguards (e.g., clear warnings, default expiries) to protect users from this vulnerability.",5,Strongly agree,30,0.47619047619047616,0.3578212405382701,0.5972964356326276,63
Q16_1,QID54_5,"Smart Contract Development: Implementing Token Receiver Hooks - Implementation: ERC-721, ERC-1155, ERC-1363, ERC-777: I am aware and agree that for a smart contract to safely receive tokens, it MUST implement a tokensReceived, onERC1155BatchReceived, and onTransferReceived hook as a critical safeguard for the function.",1,Strongly disagree,2,0.031746031746031744,0.008749527561580449,0.10856477046607432,63
Q16_1,QID54_5,"Smart Contract Development: Implementing Token Receiver Hooks - Implementation: ERC-721, ERC-1155, ERC-1363, ERC-777: I am aware and agree that for a smart contract to safely receive tokens, it MUST implement a tokensReceived, onERC1155BatchReceived, and onTransferReceived hook as a critical safeguard for the function.",2,Somewhat disagree,3,0.047619047619047616,0.0163261688679956,0.13090967837906073,63
Q16_1,QID54_5,"Smart Contract Development: Implementing Token Receiver Hooks - Implementation: ERC-721, ERC-1155, ERC-1363, ERC-777: I am aware and agree that for a smart contract to safely receive tokens, it MUST implement a tokensReceived, onERC1155BatchReceived, and onTransferReceived hook as a critical safeguard for the function.",3,Neither agree nor disagree,18,0.2857142857142857,0.18903191986400805,0.40702716567407127,63
Q16_1,QID54_5,"Smart Contract Development: Implementing Token Receiver Hooks - Implementation: ERC-721, ERC-1155, ERC-1363, ERC-777: I am aware and agree that for a smart contract to safely receive tokens, it MUST implement a tokensReceived, onERC1155BatchReceived, and onTransferReceived hook as a critical safeguard for the function.",4,Somewhat agree,16,0.25396825396825395,0.1628041127332116,0.3734118743660646,63
Q16_1,QID54_5,"Smart Contract Development: Implementing Token Receiver Hooks - Implementation: ERC-721, ERC-1155, ERC-1363, ERC-777: I am aware and agree that for a smart contract to safely receive tokens, it MUST implement a tokensReceived, onERC1155BatchReceived, and onTransferReceived hook as a critical safeguard for the function.",5,Strongly agree,24,0.38095238095238093,0.2711746846567971,0.5044136961976913,63
Q16_2,QID54_1,Smart Contract Development: Implementing Token Receiver Hooks - Risk - Re-entrancy: I agree that these receiver hooks introduce a major re-entrancy attack vector and must be designed with the checks-effects-interactions pattern in mind.,1,Strongly disagree,0,0.0,0.0,0.058344072101372484,62
Q16_2,QID54_1,Smart Contract Development: Implementing Token Receiver Hooks - Risk - Re-entrancy: I agree that these receiver hooks introduce a major re-entrancy attack vector and must be designed with the checks-effects-interactions pattern in mind.,2,Somewhat disagree,2,0.03225806451612903,0.008891371499816635,0.11020469594985441,62
Q16_2,QID54_1,Smart Contract Development: Implementing Token Receiver Hooks - Risk - Re-entrancy: I agree that these receiver hooks introduce a major re-entrancy attack vector and must be designed with the checks-effects-interactions pattern in mind.,3,Neither agree nor disagree,18,0.2903225806451613,0.1922355728861953,0.4128764573498641,62
Q16_2,QID54_1,Smart Contract Development: Implementing Token Receiver Hooks - Risk - Re-entrancy: I agree that these receiver hooks introduce a major re-entrancy attack vector and must be designed with the checks-effects-interactions pattern in mind.,4,Somewhat agree,22,0.3548387096774194,0.24742732851049898,0.47918869242215756,62
Q16_2,QID54_1,Smart Contract Development: Implementing Token Receiver Hooks - Risk - Re-entrancy: I agree that these receiver hooks introduce a major re-entrancy attack vector and must be designed with the checks-effects-interactions pattern in mind.,5,Strongly agree,20,0.3225806451612903,0.21954490651283892,0.44631911907151905,62
Q16_3,QID54_2,Smart Contract Development: Implementing Token Receiver Hooks - Risk - Token Lock/Loss: I understand that failing to implement receiver hooks functions will result in transferred tokens being permanently locked and unrecoverable in the recipient contract for these standards.,1,Strongly disagree,0,0.0,0.0,0.05924386789811283,61
Q16_3,QID54_2,Smart Contract Development: Implementing Token Receiver Hooks - Risk - Token Lock/Loss: I understand that failing to implement receiver hooks functions will result in transferred tokens being permanently locked and unrecoverable in the recipient contract for these standards.,2,Somewhat disagree,1,0.01639344262295082,0.002899730799299824,0.08718860044641587,61
Q16_3,QID54_2,Smart Contract Development: Implementing Token Receiver Hooks - Risk - Token Lock/Loss: I understand that failing to implement receiver hooks functions will result in transferred tokens being permanently locked and unrecoverable in the recipient contract for these standards.,3,Neither agree nor disagree,20,0.32786885245901637,0.22335119798553627,0.45278193686463364,61
Q16_3,QID54_2,Smart Contract Development: Implementing Token Receiver Hooks - Risk - Token Lock/Loss: I understand that failing to implement receiver hooks functions will result in transferred tokens being permanently locked and unrecoverable in the recipient contract for these standards.,4,Somewhat agree,24,0.39344262295081966,0.28068351453037077,0.5188274737102107,61
Q16_3,QID54_2,Smart Contract Development: Implementing Token Receiver Hooks - Risk - Token Lock/Loss: I understand that failing to implement receiver hooks functions will result in transferred tokens being permanently locked and unrecoverable in the recipient contract for these standards.,5,Strongly agree,16,0.26229508196721313,0.1683878636236148,0.3843674178361438,61
Q16_4,QID54_3,"Smart Contract Development: Implementing Token Receiver Hooks - Development Diligence: In my own development, I meticulously check the token standard I am integrating and always implement the required receiver interface before deployment.",1,Strongly disagree,2,0.03278688524590164,0.009037890398362391,0.11189490419495614,61
Q16_4,QID54_3,"Smart Contract Development: Implementing Token Receiver Hooks - Development Diligence: In my own development, I meticulously check the token standard I am integrating and always implement the required receiver interface before deployment.",2,Somewhat disagree,2,0.03278688524590164,0.009037890398362391,0.11189490419495614,61
Q16_4,QID54_3,"Smart Contract Development: Implementing Token Receiver Hooks - Development Diligence: In my own development, I meticulously check the token standard I am integrating and always implement the required receiver interface before deployment.",3,Neither agree nor disagree,16,0.26229508196721313,0.1683878636236148,0.3843674178361438,61
Q16_4,QID54_3,"Smart Contract Development: Implementing Token Receiver Hooks - Development Diligence: In my own development, I meticulously check the token standard I am integrating and always implement the required receiver interface before deployment.",4,Somewhat agree,23,0.3770491803278688,0.26614510331117014,0.5025214215818083,61
Q16_4,QID54_3,"Smart Contract Development: Implementing Token Receiver Hooks - Development Diligence: In my own development, I meticulously check the token standard I am integrating and always implement the required receiver interface before deployment.",5,Strongly agree,18,0.29508196721311475,0.19555018758276055,0.4188940205722037,61
Q16_5(New)-Q21_4(Old),QID54_4,Smart Contract Development: Implementing Token Receiver Hooks - Testing: I rigorously test receiver hook implementations using fuzzers/invariants to simulate malicious token contracts and unexpected call paths.,1,Strongly disagree,3,0.09090909090909091,0.03140394152458165,0.2357260564646973,33
Q16_5(New)-Q21_4(Old),QID54_4,Smart Contract Development: Implementing Token Receiver Hooks - Testing: I rigorously test receiver hook implementations using fuzzers/invariants to simulate malicious token contracts and unexpected call paths.,2,Somewhat disagree,1,0.030303030303030304,0.00536941053687183,0.1531872538211892,33
Q16_5(New)-Q21_4(Old),QID54_4,Smart Contract Development: Implementing Token Receiver Hooks - Testing: I rigorously test receiver hook implementations using fuzzers/invariants to simulate malicious token contracts and unexpected call paths.,3,Neither agree nor disagree,11,0.3333333333333333,0.19750227679220683,0.5039210557219438,33
Q16_5(New)-Q21_4(Old),QID54_4,Smart Contract Development: Implementing Token Receiver Hooks - Testing: I rigorously test receiver hook implementations using fuzzers/invariants to simulate malicious token contracts and unexpected call paths.,4,Somewhat agree,12,0.36363636363636365,0.2218717823524236,0.5338382169773361,33
Q16_5(New)-Q21_4(Old),QID54_4,Smart Contract Development: Implementing Token Receiver Hooks - Testing: I rigorously test receiver hook implementations using fuzzers/invariants to simulate malicious token contracts and unexpected call paths.,5,Strongly agree,6,0.18181818181818182,0.08610768208940667,0.3438823163466992,33
Q17,QID18,"AI Agents and Agentic Economy: Please indicate your level of agreement with the following statement:


I am currently using, experimenting with, or planning to support AI-agent-related standards or mechanisms, such as ERC-8004 trustless agents, EIP-7702 account delegation, agent wallets, autonomous transaction execution, or agent-to-agent coordination. I believe these agentic-economy use cases will become increasingly important, but will also introduce new implementation and security challenges, including wallet-agent trust, accountability, and cross-contract interoperability.",1,Strongly disagree,0,0.0,0.0,0.14865487460862087,22
Q17,QID18,"AI Agents and Agentic Economy: Please indicate your level of agreement with the following statement:


I am currently using, experimenting with, or planning to support AI-agent-related standards or mechanisms, such as ERC-8004 trustless agents, EIP-7702 account delegation, agent wallets, autonomous transaction execution, or agent-to-agent coordination. I believe these agentic-economy use cases will become increasingly important, but will also introduce new implementation and security challenges, including wallet-agent trust, accountability, and cross-contract interoperability.",2,Somewhat disagree,1,0.045454545454545456,0.00806942762126385,0.21798045838657332,22
Q17,QID18,"AI Agents and Agentic Economy: Please indicate your level of agreement with the following statement:


I am currently using, experimenting with, or planning to support AI-agent-related standards or mechanisms, such as ERC-8004 trustless agents, EIP-7702 account delegation, agent wallets, autonomous transaction execution, or agent-to-agent coordination. I believe these agentic-economy use cases will become increasingly important, but will also introduce new implementation and security challenges, including wallet-agent trust, accountability, and cross-contract interoperability.",3,Neither agree nor disagree,3,0.13636363636363635,0.04749003714055253,0.33334987166571717,22
Q17,QID18,"AI Agents and Agentic Economy: Please indicate your level of agreement with the following statement:


I am currently using, experimenting with, or planning to support AI-agent-related standards or mechanisms, such as ERC-8004 trustless agents, EIP-7702 account delegation, agent wallets, autonomous transaction execution, or agent-to-agent coordination. I believe these agentic-economy use cases will become increasingly important, but will also introduce new implementation and security challenges, including wallet-agent trust, accountability, and cross-contract interoperability.",4,Somewhat agree,9,0.4090909090909091,0.2325581619647187,0.6126518152368488,22
Q17,QID18,"AI Agents and Agentic Economy: Please indicate your level of agreement with the following statement:


I am currently using, experimenting with, or planning to support AI-agent-related standards or mechanisms, such as ERC-8004 trustless agents, EIP-7702 account delegation, agent wallets, autonomous transaction execution, or agent-to-agent coordination. I believe these agentic-economy use cases will become increasingly important, but will also introduce new implementation and security challenges, including wallet-agent trust, accountability, and cross-contract interoperability.",5,Strongly agree,9,0.4090909090909091,0.2325581619647187,0.6126518152368488,22
Q18,QID68,"The growing number of ERC standards and extensions increases development complexity by making it harder to identify which specifications, dependencies, interfaces, and security assumptions must be implemented together for correct interoperability.",1,Strongly disagree,0,0.0,0.0,0.058344072101372484,62
Q18,QID68,"The growing number of ERC standards and extensions increases development complexity by making it harder to identify which specifications, dependencies, interfaces, and security assumptions must be implemented together for correct interoperability.",2,Somewhat disagree,3,0.04838709677419355,0.016591685850580726,0.1328803792732396,62
Q18,QID68,"The growing number of ERC standards and extensions increases development complexity by making it harder to identify which specifications, dependencies, interfaces, and security assumptions must be implemented together for correct interoperability.",3,Neither agree nor disagree,19,0.3064516129032258,0.20581586585634157,0.42967216205386716,62
Q18,QID68,"The growing number of ERC standards and extensions increases development complexity by making it harder to identify which specifications, dependencies, interfaces, and security assumptions must be implemented together for correct interoperability.",4,Somewhat agree,19,0.3064516129032258,0.20581586585634157,0.42967216205386716,62
Q18,QID68,"The growing number of ERC standards and extensions increases development complexity by making it harder to identify which specifications, dependencies, interfaces, and security assumptions must be implemented together for correct interoperability.",5,Strongly agree,21,0.3387096774193548,0.23341701875208906,0.4628230045064181,62
Q19_1,QID35_1,Future Outlook and Adoption - I am confident in adopting new ERC standards quickly,1,Strongly disagree,1,0.01639344262295082,0.002899730799299824,0.08718860044641587,61
Q19_1,QID35_1,Future Outlook and Adoption - I am confident in adopting new ERC standards quickly,2,Somewhat disagree,2,0.03278688524590164,0.009037890398362391,0.11189490419495614,61
Q19_1,QID35_1,Future Outlook and Adoption - I am confident in adopting new ERC standards quickly,3,Neither agree nor disagree,14,0.22950819672131148,0.1419323035287129,0.34913405123584,61
Q19_1,QID35_1,Future Outlook and Adoption - I am confident in adopting new ERC standards quickly,4,Somewhat agree,29,0.47540983606557374,0.3553048742284526,0.5984284307501431,61
Q19_1,QID35_1,Future Outlook and Adoption - I am confident in adopting new ERC standards quickly,5,Strongly agree,15,0.2459016393442623,0.1550665770122629,0.3668442410998928,61
Q19_2,QID35_4,Future Outlook and Adoption - The ERC ecosystem is evolving in a developer-friendly direction,1,Strongly disagree,1,0.01639344262295082,0.002899730799299824,0.08718860044641587,61
Q19_2,QID35_4,Future Outlook and Adoption - The ERC ecosystem is evolving in a developer-friendly direction,2,Somewhat disagree,0,0.0,0.0,0.05924386789811283,61
Q19_2,QID35_4,Future Outlook and Adoption - The ERC ecosystem is evolving in a developer-friendly direction,3,Neither agree nor disagree,16,0.26229508196721313,0.1683878636236148,0.3843674178361438,61
Q19_2,QID35_4,Future Outlook and Adoption - The ERC ecosystem is evolving in a developer-friendly direction,4,Somewhat agree,29,0.47540983606557374,0.3553048742284526,0.5984284307501431,61
Q19_2,QID35_4,Future Outlook and Adoption - The ERC ecosystem is evolving in a developer-friendly direction,5,Strongly agree,15,0.2459016393442623,0.1550665770122629,0.3668442410998928,61
Q19_3(New—)Q22_1(Old),QID34_1,Tooling and Ecosystem Needs: - I would benefit from automated Security auditing frameworks and targeted analysis tools,1,Strongly disagree,1,0.029411764705882353,0.0052109062762689395,0.1491557329268593,34
Q19_3(New—)Q22_1(Old),QID34_1,Tooling and Ecosystem Needs: - I would benefit from automated Security auditing frameworks and targeted analysis tools,2,Somewhat disagree,0,0.0,0.0,0.10151455415332376,34
Q19_3(New—)Q22_1(Old),QID34_1,Tooling and Ecosystem Needs: - I would benefit from automated Security auditing frameworks and targeted analysis tools,3,Neither agree nor disagree,8,0.23529411764705882,0.12436985532639575,0.3999613792253638,34
Q19_3(New—)Q22_1(Old),QID34_1,Tooling and Ecosystem Needs: - I would benefit from automated Security auditing frameworks and targeted analysis tools,4,Somewhat agree,11,0.3235294117647059,0.1913164356402551,0.49157105406091794,34
Q19_3(New—)Q22_1(Old),QID34_1,Tooling and Ecosystem Needs: - I would benefit from automated Security auditing frameworks and targeted analysis tools,5,Strongly agree,14,0.4117647058823529,0.2636596836387115,0.5777840612118749,34
