participant_row,source_csv_row,likert_answered_n,likert_total_items,likert_completion_pct,within_person_sample_sd,modal_response_share,longest_identical_run_in_question_order,automatic_exclusion,note
1,4,0,46,0.0,,,0,False,Review with preregistered criteria; skip logic can create legitimate missingness.
2,5,0,46,0.0,,,0,False,Review with preregistered criteria; skip logic can create legitimate missingness.
3,6,0,46,0.0,,,0,False,Review with preregistered criteria; skip logic can create legitimate missingness.
4,7,0,46,0.0,,,0,False,Review with preregistered criteria; skip logic can create legitimate missingness.
5,8,0,46,0.0,,,0,False,Review with preregistered criteria; skip logic can create legitimate missingness.
6,9,0,46,0.0,,,0,False,Review with preregistered criteria; skip logic can create legitimate missingness.
7,10,37,46,0.8043478260869565,1.3710871160797478,0.43243243243243246,2,False,Review with preregistered criteria; skip logic can create legitimate missingness.
8,11,37,46,0.8043478260869565,0.7769193031477617,0.5405405405405406,5,False,Review with preregistered criteria; skip logic can create legitimate missingness.
9,12,37,46,0.8043478260869565,0.8146555490903279,0.6756756756756757,10,False,Review with preregistered criteria; skip logic can create legitimate missingness.
10,13,37,46,0.8043478260869565,0.9609492304088825,0.4594594594594595,2,False,Review with preregistered criteria; skip logic can create legitimate missingness.
11,14,37,46,0.8043478260869565,0.8690542303304526,0.5135135135135135,4,False,Review with preregistered criteria; skip logic can create legitimate missingness.
12,15,0,46,0.0,,,0,False,Review with preregistered criteria; skip logic can create legitimate missingness.
13,16,37,46,0.8043478260869565,1.3863339864267634,0.2972972972972973,3,False,Review with preregistered criteria; skip logic can create legitimate missingness.
14,17,37,46,0.8043478260869565,1.4247912233130964,0.2972972972972973,3,False,Review with preregistered criteria; skip logic can create legitimate missingness.
15,18,9,46,0.1956521739130435,0.6009252125773316,0.6666666666666666,2,False,Review with preregistered criteria; skip logic can create legitimate missingness.
16,19,37,46,0.8043478260869565,0.6931669932133816,0.5405405405405406,4,False,Review with preregistered criteria; skip logic can create legitimate missingness.
17,20,37,46,0.8043478260869565,0.9702790533869323,0.4864864864864865,7,False,Review with preregistered criteria; skip logic can create legitimate missingness.
18,21,37,46,0.8043478260869565,1.1156812917427381,0.40540540540540543,8,False,Review with preregistered criteria; skip logic can create legitimate missingness.
19,22,37,46,0.8043478260869565,0.9546786953794515,0.4594594594594595,7,False,Review with preregistered criteria; skip logic can create legitimate missingness.
20,23,37,46,0.8043478260869565,1.1816921749746827,0.43243243243243246,6,False,Review with preregistered criteria; skip logic can create legitimate missingness.
21,24,33,46,0.717391304347826,0.8427498280790526,0.48484848484848486,2,False,Review with preregistered criteria; skip logic can create legitimate missingness.
22,25,37,46,0.8043478260869565,0.5534494613840601,0.6756756756756757,6,False,Review with preregistered criteria; skip logic can create legitimate missingness.
23,26,37,46,0.8043478260869565,0.9863939238321439,0.4594594594594595,6,False,Review with preregistered criteria; skip logic can create legitimate missingness.
24,27,33,46,0.717391304347826,0.8638357026727486,0.45454545454545453,4,False,Review with preregistered criteria; skip logic can create legitimate missingness.
25,28,0,46,0.0,,,0,False,Review with preregistered criteria; skip logic can create legitimate missingness.
26,29,9,46,0.1956521739130435,0.8819171036881968,0.6666666666666666,2,False,Review with preregistered criteria; skip logic can create legitimate missingness.
27,30,37,46,0.8043478260869565,0.3287979746107145,0.972972972972973,16,False,Review with preregistered criteria; skip logic can create legitimate missingness.
28,31,37,46,0.8043478260869565,0.1643989873053573,0.972972972972973,16,False,Review with preregistered criteria; skip logic can create legitimate missingness.
29,32,37,46,0.8043478260869565,0.9235003263956395,0.5945945945945946,16,False,Review with preregistered criteria; skip logic can create legitimate missingness.
30,33,37,46,0.8043478260869565,0.9021162972775815,0.6216216216216216,11,False,Review with preregistered criteria; skip logic can create legitimate missingness.
31,34,37,46,0.8043478260869565,0.6811490027622178,0.4864864864864865,7,False,Review with preregistered criteria; skip logic can create legitimate missingness.
32,35,37,46,0.8043478260869565,0.0,1.0,16,False,Review with preregistered criteria; skip logic can create legitimate missingness.
33,36,37,46,0.8043478260869565,0.9570349606549992,0.5675675675675675,5,False,Review with preregistered criteria; skip logic can create legitimate missingness.
34,37,37,46,0.8043478260869565,0.9984973695493629,0.40540540540540543,4,False,Review with preregistered criteria; skip logic can create legitimate missingness.
35,38,19,46,0.41304347826086957,0.6306035352846115,0.5789473684210527,2,False,Review with preregistered criteria; skip logic can create legitimate missingness.
36,39,0,46,0.0,,,0,False,Review with preregistered criteria; skip logic can create legitimate missingness.
37,40,0,46,0.0,,,0,False,Review with preregistered criteria; skip logic can create legitimate missingness.
38,41,0,46,0.0,,,0,False,Review with preregistered criteria; skip logic can create legitimate missingness.
39,42,37,46,0.8043478260869565,0.641413604011804,0.5405405405405406,11,False,Review with preregistered criteria; skip logic can create legitimate missingness.
40,43,9,46,0.1956521739130435,0.6009252125773316,0.6666666666666666,2,False,Review with preregistered criteria; skip logic can create legitimate missingness.
41,44,37,46,0.8043478260869565,1.2898308663013391,0.5135135135135135,9,False,Review with preregistered criteria; skip logic can create legitimate missingness.
42,45,37,46,0.8043478260869565,1.1290592432528839,0.3783783783783784,6,False,Review with preregistered criteria; skip logic can create legitimate missingness.
43,46,37,46,0.8043478260869565,0.7603144599953877,0.5405405405405406,4,False,Review with preregistered criteria; skip logic can create legitimate missingness.
44,47,37,46,0.8043478260869565,1.2781367820517622,0.3783783783783784,4,False,Review with preregistered criteria; skip logic can create legitimate missingness.
45,48,37,46,0.8043478260869565,1.0317773813011044,0.43243243243243246,3,False,Review with preregistered criteria; skip logic can create legitimate missingness.
46,49,35,46,0.7608695652173914,1.49058670982127,0.5714285714285714,4,False,Review with preregistered criteria; skip logic can create legitimate missingness.
47,50,37,46,0.8043478260869565,1.755300852014002,0.5675675675675675,3,False,Review with preregistered criteria; skip logic can create legitimate missingness.
48,51,36,46,0.782608695652174,0.3333333333333333,0.9722222222222222,16,False,Review with preregistered criteria; skip logic can create legitimate missingness.
49,52,37,46,0.8043478260869565,0.7652356405615107,0.6486486486486487,7,False,Review with preregistered criteria; skip logic can create legitimate missingness.
50,53,28,46,0.6086956521739131,1.1333099904225385,0.35714285714285715,3,False,Review with preregistered criteria; skip logic can create legitimate missingness.
51,54,28,46,0.6086956521739131,0.6372477195601851,0.5357142857142857,5,False,Review with preregistered criteria; skip logic can create legitimate missingness.
52,55,28,46,0.6086956521739131,0.9172076325837248,0.35714285714285715,5,False,Review with preregistered criteria; skip logic can create legitimate missingness.
53,56,28,46,0.6086956521739131,0.700528900717694,0.5714285714285714,4,False,Review with preregistered criteria; skip logic can create legitimate missingness.
54,57,28,46,0.6086956521739131,0.9946949227868761,0.5357142857142857,3,False,Review with preregistered criteria; skip logic can create legitimate missingness.
55,58,9,46,0.1956521739130435,0.5270462766947298,0.5555555555555556,3,False,Review with preregistered criteria; skip logic can create legitimate missingness.
56,59,37,46,0.8043478260869565,0.9656254099972892,0.4864864864864865,4,False,Review with preregistered criteria; skip logic can create legitimate missingness.
57,60,37,46,0.8043478260869565,0.7997747430618447,0.40540540540540543,7,False,Review with preregistered criteria; skip logic can create legitimate missingness.
58,61,37,46,0.8043478260869565,0.6855435580398739,0.6756756756756757,8,False,Review with preregistered criteria; skip logic can create legitimate missingness.
59,62,37,46,0.8043478260869565,0.6855435580398739,0.6756756756756757,10,False,Review with preregistered criteria; skip logic can create legitimate missingness.
60,63,37,46,0.8043478260869565,0.7893814813657102,0.4864864864864865,6,False,Review with preregistered criteria; skip logic can create legitimate missingness.
61,64,37,46,0.8043478260869565,0.7583370458279585,0.7027027027027027,7,False,Review with preregistered criteria; skip logic can create legitimate missingness.
62,65,37,46,0.8043478260869565,1.0397504898200727,0.32432432432432434,5,False,Review with preregistered criteria; skip logic can create legitimate missingness.
63,66,37,46,0.8043478260869565,1.1695588347184025,0.40540540540540543,8,False,Review with preregistered criteria; skip logic can create legitimate missingness.
64,67,37,46,0.8043478260869565,1.2393692089268784,0.35135135135135137,3,False,Review with preregistered criteria; skip logic can create legitimate missingness.
65,68,37,46,0.8043478260869565,1.1263963639717456,0.5405405405405406,3,False,Review with preregistered criteria; skip logic can create legitimate missingness.
66,69,37,46,0.8043478260869565,0.7681732162019773,0.5945945945945946,4,False,Review with preregistered criteria; skip logic can create legitimate missingness.
67,70,37,46,0.8043478260869565,1.0288627501073984,0.5405405405405406,4,False,Review with preregistered criteria; skip logic can create legitimate missingness.
68,71,37,46,0.8043478260869565,1.1021409686218524,0.5945945945945946,8,False,Review with preregistered criteria; skip logic can create legitimate missingness.
69,72,37,46,0.8043478260869565,0.7740149217548066,0.40540540540540543,4,False,Review with preregistered criteria; skip logic can create legitimate missingness.
70,73,37,46,0.8043478260869565,0.6575959492214292,0.6486486486486487,8,False,Review with preregistered criteria; skip logic can create legitimate missingness.
71,74,37,46,0.8043478260869565,0.7740149217548065,0.4864864864864865,3,False,Review with preregistered criteria; skip logic can create legitimate missingness.
72,75,37,46,0.8043478260869565,0.9856325235459064,0.5135135135135135,5,False,Review with preregistered criteria; skip logic can create legitimate missingness.
73,76,37,46,0.8043478260869565,0.4947168328900328,0.7837837837837838,8,False,Review with preregistered criteria; skip logic can create legitimate missingness.
74,77,37,46,0.8043478260869565,1.494735506447289,0.2972972972972973,4,False,Review with preregistered criteria; skip logic can create legitimate missingness.
75,78,37,46,0.8043478260869565,0.9323997905240913,0.5675675675675675,6,False,Review with preregistered criteria; skip logic can create legitimate missingness.
76,79,37,46,0.8043478260869565,0.4714045207910317,0.8648648648648649,10,False,Review with preregistered criteria; skip logic can create legitimate missingness.
77,80,37,46,0.8043478260869565,1.1270626736212457,0.5945945945945946,4,False,Review with preregistered criteria; skip logic can create legitimate missingness.
78,81,7,46,0.15217391304347827,1.1126972805283737,0.2857142857142857,2,False,Review with preregistered criteria; skip logic can create legitimate missingness.
79,82,13,46,0.2826086956521739,0.3755338080994054,0.8461538461538461,5,False,Review with preregistered criteria; skip logic can create legitimate missingness.
80,83,33,46,0.717391304347826,1.0453721970202912,0.3939393939393939,6,False,Review with preregistered criteria; skip logic can create legitimate missingness.
81,84,13,46,0.2826086956521739,1.3252962900462133,0.38461538461538464,5,False,Review with preregistered criteria; skip logic can create legitimate missingness.
